_MDV_SUB_1_LSB,MDV201,3PH_HORIZ_LG_1C-AL_4/0_7STRAL_4/0_7STRAL_4/0_7STRACSR_1/0_6/1,0.001,ABC
94743,94744,1PH-AL_#2_7STRNONENONEACSR_1/0_6/1,0.078943197,A
62244,62235,1PH-NONENONEAL_1/0_7STRACSR_1/0_6/1,0.042671999,C
1144235,1144234,1PH-AL_#2_7STRNONENONEACSR_1/0_6/1,0.1161288,A
39754,MDV201_1160486ELB_INT,1PH-NONEBUSBARNONEBUSBAR,0.001,B
MDV201_1160486ELB_INT,1160486,BUSBAR,0.001524,B
1160476,1160473,UG_1/0AL,0.060959998,B
8163,8164,3PH_HORIZ_LG_1C-AL_4/0_7STRAL_4/0_7STRAL_4/0_7STRACSR_1/0_6/1,0.084124797,ABC
103730,39610,1PH-NONEAL_#2_7STRNONEACSR_1/0_6/1,0.019202399,B
835,842,1PH-AL_#2_7STRNONENONEACSR_1/0_6/1,0.048767998,A
39775,39760,1PH-NONEAL_#2_7STRNONEACSR_1/0_6/1,0.060350398,B
15004,MDV201_1160480ELB_INT,1PH-NONEBUSBARNONEBUSBAR,0.001,B
MDV201_1160480ELB_INT,1160480,BUSBAR,0.001524,B
1160492,MDV201_8088ELB_INT,1PH-NONEBUSBARNONEBUSBAR,0.001,A
MDV201_8088ELB_INT,8088,BUSBAR,0.001524,A
829,834,3PH_HORIZ_LG_1C-CU_#2_7STRCU_#2_7STRCU_#2_7STRACSR_1/0_6/1,0.088391997,ABC
15005,MDV201_1160478ELB_INT,1PH-NONEBUSBARNONEBUSBAR,0.001,B
MDV201_1160478ELB_INT,1160478,BUSBAR,0.001524,B
44582,8160,3PH_HORIZ_LG_1C-AL_4/0_7STRAL_4/0_7STRAL_4/0_7STRACSR_1/0_6/1,0.025907999,ABC
89783,89791,1PH-NONENONEAL_#2_7STRACSR_1/0_6/1,0.052120798,C
6584,99422,1PH-BUSBARNONENONEBUSBAR,0.001524,A
8113,8124,3PH_HORIZ_LG_1C-CU_#2_7STRCU_#2_7STRCU_#2_7STRACSR_1/0_6/1,0.064312798,ABC
14880,63707,3PH_HORIZ_LG_1C-AL_4/0_7STRAL_4/0_7STRAL_4/0_7STRACSR_1/0_6/1,0.058826398,ABC
74449,74450,1PH-NONENONEAL_#2_7STRACSR_1/0_6/1,0.047243998,C
14989,100494,1PH-NONEBUSBARNONEBUSBAR,0.001524,B
63683,107110,2PH_HORIZ_LG_1C-BUSBARNONEBUSBARBUSBAR,0.001524,AC
1144242,8121,1PH-NONENONEAL_#2_7STRACSR_1/0_6/1,0.049682398,C
63668,63671,1PH-NONENONEAL_1/0_7STRACSR_1/0_6/1,0.046939198,C
89784,89781,1PH-NONENONEAL_1/0_7STRACSR_1/0_6/1,0.052730398,C
39734,39751,1PH-AL_1/0_7STRNONENONEACSR_1/0_6/1,0.068579998,A
63657,63658,3PH_VERT_1C-AL_556_19STRAL_556_19STRAL_556_19STRACSR_1/0_6/1,0.038099999,ABC
74445,74448,1PH-NONEAL_#2_7STRNONEACSR_1/0_6/1,0.044805599,B
1012641,1012643,1PH-NONENONEBUSBARBUSBAR,0.001524,C
39570,39569,1PH-AL_#2_7STRNONENONEACSR_1/0_6/1,0.065227198,A
14858,14869,1PH-BUSBARNONENONEBUSBAR,0.001524,A
89796,89790,1PH-NONENONEAL_1/0_7STRACSR_1/0_6/1,0.091439997,C
28271,28272,1PH-NONENONEAL_#2_7STRACSR_1/0_6/1,0.070103998,C
69478,69477,3PH_VERT_1C-AL_556_19STRAL_556_19STRAL_556_19STRACSR_1/0_6/1,0.1078992,ABC
8175,8176,1PH-NONENONEAL_1/0_7STRACSR_1/0_6/1,0.046634399,C
8184,1144230,1PH-BUSBARNONENONEBUSBAR,0.001524,A
39595,39582,3PH_HORIZ_LG_1C-AL_1/0_7STRAL_1/0_7STRAL_1/0_7STRACSR_1/0_6/1,0.082600797,ABC
46385,46386,1PH-NONEAL_#2_7STRNONEACSR_1/0_6/1,0.042671999,B
106884,62244,1PH-NONENONEAL_1/0_7STRACSR_1/0_6/1,0.030784799,C
1160493,MDV201_8075ELB_INT,1PH-NONEBUSBARNONEBUSBAR,0.001,A
MDV201_8075ELB_INT,8075,BUSBAR,0.001524,A
69460,MDV201_107997ELB_INT,1PH-NONEBUSBARNONEBUSBAR,0.001,A
MDV201_107997ELB_INT,107997,BUSBAR,0.001524,A
8176,8180,1PH-NONENONEAL_1/0_7STRACSR_1/0_6/1,0.021031199,C
1160461,8100,UG_1/0AL,0.1237488,A
39776,33824,1PH-NONENONECU_#6_1STRACSR_1/0_6/1,0.066751198,C
1140227,14873,1PH-AL_#2_7STRNONENONEACSR_1/0_6/1,0.040843199,A
1160488,MDV201_62249ELB_INT,1PH-NONEBUSBARNONEBUSBAR,0.001,B
MDV201_62249ELB_INT,62249,BUSBAR,0.001524,B
107106,63634,1PH-NONEAL_#2_7STRNONEACSR_1/0_6/1,0.052120798,B
1160494,1160467,UG_1/0AL,0.041452799,A
1144230,8185,1PH-CU_#6_1STRNONENONEACSR_1/0_6/1,0.042367199,A
796,791,3PH_HORIZ_LG_1C-AL_556_19STRAL_556_19STRAL_556_19STRACSR_1/0_6/1,0.059740798,ABC
62306,62303,1PH-NONENONEAL_1/0_7STRACSR_1/0_6/1,0.059740798,C
14839,100478,1PH-NONENONEBUSBARBUSBAR,0.001524,C
58441,58446,3PH_HORIZ_LG_1C-AL_1/0_7STRAL_1/0_7STRAL_1/0_7STRACSR_1/0_6/1,0.043586399,ABC
112112,52515,1PH-NONEAL_#2_7STRNONEACSR_1/0_6/1,0.024383999,B
846,98795,3PH_HORIZ_LG_1C-BUSBARBUSBARBUSBARBUSBAR,0.001524,ABC
39623,39602,1PH-NONEAL_1/0_7STRNONEACSR_1/0_6/1,0.067970398,B
56777,56778,3PH_HORIZ_LG_1C-AL_4/0_7STRAL_4/0_7STRAL_4/0_7STRACSR_1/0_6/1,0.102108,ABC
44586,62239,3PH_HORIZ_LG_1C-AL_4/0_7STRAL_4/0_7STRAL_4/0_7STRACSR_1/0_6/1,0.031394399,ABC
46394,46393,3PH_HORIZ_LG_1C-AL_4/0_7STRAL_4/0_7STRAL_4/0_7STRACSR_1/0_6/1,0.074066398,ABC
1144254,28246,1PH-NONEAL_#2_7STRNONEACSR_1/0_6/1,0.026212799,B
14996,39771,1PH-NONEAL_#2_7STRNONEACSR_1/0_6/1,0.049987198,B
74432,108776,1PH-BUSBARNONENONEBUSBAR,0.001524,A
1160489,MDV201_795ELB_INT,1PH-NONEBUSBARNONEBUSBAR,0.001,A
MDV201_795ELB_INT,795,BUSBAR,0.001524,A
14879,1140227,1PH-BUSBARNONENONEBUSBAR,0.001524,A
8099,8103,1PH-NONENONEAL_#2_7STRACSR_1/0_6/1,0.038099999,C
1000983,56768,1PH-AL_1/0_7STRNONENONEACSR_1/0_6/1,0.030784799,A
62265,62262,3PH_HORIZ_LG_1C-AL_4/0_7STRAL_4/0_7STRAL_4/0_7STRACSR_1/0_6/1,0.060959998,ABC
39771,39752,1PH-NONEAL_#2_7STRNONEACSR_1/0_6/1,0.050596798,B
1017350,1017348,1PH-NONEACSR_1/0_6/1NONEACSR_1/0_6/1,0.1115568,B
56760,56764,1PH-AL_#2_7STRNONENONEACSR_1/0_6/1,0.057607198,A
39620,39617,1PH-NONEAL_1/0_7STRNONEACSR_1/0_6/1,0.056692798,B
39589,39580,1PH-AL_#2_7STRNONENONEACSR_1/0_6/1,0.019507199,A
74446,74440,1PH-NONENONEAL_#2_7STRACSR_1/0_6/1,0.035966399,C
58430,58429,3PH_VERT_1C-AL_336_19STRAL_336_19STRAL_336_19STRACSR_1/0_6/1,0.079552797,ABC
28213,21655,1PH-AL_#2_7STRNONENONEACSR_1/0_6/1,0.069189598,A
63666,28249,2PH_VERT_1C-AL_1/0_7STRNONEAL_1/0_7STRACSR_1/0_6/1,0.063093598,AC
105409,52524,3PH_VERT_1C-AL_4/0_7STRAL_4/0_7STRAL_4/0_7STRACSR_1/0_6/1,0.041452799,ABC
74424,39733,1PH-AL_1/0_7STRNONENONEACSR_1/0_6/1,0.073456798,A
8111,8113,3PH_HORIZ_LG_1C-CU_#2_7STRCU_#2_7STRCU_#2_7STRACSR_1/0_6/1,0.064312798,ABC
836,837,1PH-NONEAL_1/0_7STRNONEACSR_1/0_6/1,0.054559198,B
1023346,MDV201_796USD_INT,3PH_HORIZ_LG_1C-BUSBARBUSBARBUSBARBUSBAR,0.001,ABC
MDV201_796USD_INT,796,3PH_HORIZ_LG_1C-BUSBARBUSBARBUSBARBUSBAR,0.001524,ABC
28262,28263,1PH-NONENONEAL_#2_7STRACSR_1/0_6/1,0.042671999,C
52519,52521,1PH-NONEAL_#2_7STRNONEACSR_1/0_6/1,0.070713598,B
28199,28196,3PH_HORIZ_LG_1C-CU_#2_7STRCU_#2_7STRCU_#2_7STRACSR_1/0_6/1,0.066141598,ABC
28264,28262,1PH-NONENONEAL_#2_7STRACSR_1/0_6/1,0.064007998,C
28229,52531,1PH-NONENONEAL_1/0_7STRACSR_1/0_6/1,0.059131198,C
14869,14870,1PH-AL_#2_7STRNONENONEACSR_1/0_6/1,0.080467197,A
46398,46399,1PH-NONENONECU_#6_1STRACSR_1/0_6/1,0.032613599,C
62264,106895,1PH-NONEBUSBARNONEBUSBAR,0.001524,B
1163442,MDV201_1163443ELB_INT,1PH-NONEBUSBARNONEBUSBAR,0.001,C
MDV201_1163443ELB_INT,1163443,BUSBAR,0.001524,C
99420,6584,3PH_HORIZ_LG_1C-AL_4/0_7STRAL_4/0_7STRAL_4/0_7STRACSR_1/0_6/1,0.068579998,ABC
14828,1144249,1PH-NONENONEBUSBARBUSBAR,0.001524,C
14870,63726,1PH-AL_#2_7STRNONENONEACSR_1/0_6/1,0.068884798,A
8134,8131,1PH-AL_#2_7STRNONENONEACSR_1/0_6/1,0.054559198,A
62232,62234,1PH-NONENONEAL_1/0_7STRACSR_1/0_6/1,0.049377598,C
841,8083,3PH_HORIZ_LG_1C-CU_#2_7STRCU_#2_7STRCU_#2_7STRACSR_1/0_6/1,0.039014399,ABC
39579,52518,1PH-NONEAL_1/0_7STRNONEACSR_1/0_6/1,0.060655198,B
782,783,3PH_VERT_1C-AL_556_19STRAL_556_19STRAL_556_19STRACSR_1/0_6/1,0.057302398,ABC
8132,8133,1PH-AL_#2_7STRNONENONEACSR_1/0_6/1,0.038404799,A
100477,28274,1PH-NONENONECU_#6_1STRACSR_1/0_6/1,0.076199998,C
63677,63676,1PH-AL_#2_7STRNONENONEACSR_1/0_6/1,0.035356799,A
102184,28266,1PH-NONENONEAL_#2_7STRACSR_1/0_6/1,0.028041599,C
39772,39773,1PH-NONENONEAL_1/0_7STRACSR_1/0_6/1,0.088391997,C
28241,28238,1PH-AL_1/0_7STRNONENONEACSR_1/0_6/1,0.054863998,A
848,1144260,1PH-NONEBUSBARNONEBUSBAR,0.001524,B
8095,8098,1PH-NONENONEAL_#2_7STRACSR_1/0_6/1,0.041147999,C
849,850,1PH-NONEAL_1/0_7STRNONEACSR_1/0_6/1,0.045110399,B
63714,63711,3PH_HORIZ_LG_1C-AL_4/0_7STRAL_4/0_7STRAL_4/0_7STRACSR_1/0_6/1,0.105156,ABC
1160484,1160485,UG_1/0AL,0.042671999,B
8127,8128,1PH-AL_#2_7STRNONENONEACSR_1/0_6/1,0.041452799,A
8119,8117,1PH-AL_#2_7STRNONENONEACSR_1/0_6/1,0.048767998,A
63709,63710,1PH-AL_#2_7STRNONENONEACSR_1/0_6/1,0.045719999,A
21654,21653,1PH-AL_#2_7STRNONENONEACSR_1/0_6/1,0.056083198,A
63708,63703,1PH-NONENONECU_#6_1STRACSR_1/0_6/1,0.1161288,C
58411,106254,1PH-BUSBARNONENONEBUSBAR,0.001524,A
1012405,1012407,1PH-NONENONEAL_#2_7STRACSR_1/0_6/1,0.041757599,C
810,1010731,3PH_VERT_1C-CU_#2_7STRCU_#2_7STRCU_#2_7STRACSR_1/0_6/1,0.067360798,ABC
39745,74453,1PH-NONENONEAL_#2_7STRACSR_1/0_6/1,0.058826398,C
6580,6582,3PH_HORIZ_LG_1C-AL_4/0_7STRAL_4/0_7STRAL_4/0_7STRACSR_1/0_6/1,0.030784799,ABC
1012405,1012412,1PH-NONENONECU_#6_1STRACSR_1/0_6/1,0.060959998,C
69622,69620,1PH-NONEAL_1/0_7STRNONEACSR_1/0_6/1,0.052120798,B
63654,14891,3PH_HORIZ_LG_1C-AL_4/0_7STRAL_4/0_7STRAL_4/0_7STRACSR_1/0_6/1,0.10668,ABC
56756,1103250,1PH-NONECU_#6_1STRNONEACSR_1/0_6/1,0.049377598,B
6581,1017350,1PH-NONEBUSBARNONEBUSBAR,0.001524,B
14876,14872,1PH-NONENONEAL_1/0_7STRACSR_1/0_6/1,0.027431999,C
1144245,62301,1PH-NONEAL_#2_7STRNONEACSR_1/0_6/1,0.074675998,B
806,809,1PH-NONEAL_#2_7STRNONEACSR_1/0_6/1,0.054559198,B
28248,28242,1PH-AL_1/0_7STRNONENONEACSR_1/0_6/1,0.055473598,A
74420,74428,3PH_HORIZ_LG_1C-AL_4/0_7STRAL_4/0_7STRAL_4/0_7STRACSR_1/0_6/1,0.050901598,ABC
14831,14833,1PH-NONENONECU_#6_1STRACSR_1/0_6/1,0.102108,C
28251,14893,2PH_VERT_1C-AL_1/0_7STRNONEAL_1/0_7STRACSR_1/0_6/1,0.048158398,AC
74456,46407,1PH-NONENONECU_#6_1STRACSR_1/0_6/1,0.078028798,C
94736,94737,1PH-CU_#6_1STRNONENONEACSR_1/0_6/1,0.068275198,A
89779,89780,1PH-NONENONECU_#6_1STRACSR_1/0_6/1,0.065836798,C
100480,63708,1PH-NONENONECU_#6_1STRACSR_1/0_6/1,0.054254398,C
1000988,1000987,UG_1/0AL,0.073456798,A
28287,28288,3PH_HORIZ_LG_1C-AL_1/0_7STRAL_1/0_7STRAL_1/0_7STRACSR_1/0_6/1,0.066446398,ABC
1010731,MDV201_1010732USD_INT,3PH_HORIZ_LG_1C-BUSBARBUSBARBUSBARBUSBAR,0.001,ABC
MDV201_1010732USD_INT,1010732,3PH_HORIZ_LG_1C-BUSBARBUSBARBUSBARBUSBAR,0.001524,ABC
28226,1144262,1PH-NONENONEBUSBARBUSBAR,0.001524,C
69477,1127424,3PH_VERT_1C-AL_556_19STRAL_556_19STRAL_556_19STRACSR_1/0_6/1,0.092659197,ABC
56751,56762,3PH_HORIZ_LG_1C-AL_4/0_7STRAL_4/0_7STRAL_4/0_7STRACSR_1/0_6/1,0.059435998,ABC
6572,1144253,1PH-NONEBUSBARNONEBUSBAR,0.001524,B
28282,28281,1PH-CU_#6_1STRNONENONEACSR_1/0_6/1,0.061569598,A
94743,94747,1PH-CU_#6_1STRNONENONEACSR_1/0_6/1,0.052120798,A
52519,39588,1PH-NONEAL_1/0_7STRNONEACSR_1/0_6/1,0.058826398,B
39621,39623,1PH-NONEAL_1/0_7STRNONEACSR_1/0_6/1,0.071323198,B
1010738,8143,1PH-AL_#2_7STRNONENONEACSR_1/0_6/1,0.024079199,A
1017348,1017349,1PH-NONEACSR_1/0_6/1NONEACSR_1/0_6/1,0.061874398,B
63680,63681,3PH_HORIZ_LG_1C-AL_336_19STRAL_336_19STRAL_336_19STRACSR_1/0_6/1,0.059435998,ABC
58431,106259,1PH-NONENONEBUSBARBUSBAR,0.001524,C
1010732,823,3PH_HORIZ_LG_1C-CU_#2_7STRCU_#2_7STRCU_#2_7STRACSR_1/0_6/1,0.035051999,ABC
39621,39618,1PH-NONEAL_1/0_7STRNONEACSR_1/0_6/1,0.055168798,B
1140226,94731,1PH-NONENONEAL_#2_7STRACSR_1/0_6/1,0.065227198,C
28186,854,3PH_HORIZ_LG_1C-CU_#2_7STRCU_#2_7STRCU_#2_7STRACSR_1/0_6/1,0.058826398,ABC
28284,28286,3PH_HORIZ_LG_1C-AL_1/0_7STRAL_1/0_7STRAL_1/0_7STRACSR_1/0_6/1,0.036575999,ABC
8131,8127,1PH-AL_#2_7STRNONENONEACSR_1/0_6/1,0.054863998,A
8090,8092,1PH-AL_#2_7STRNONENONEACSR_1/0_6/1,0.063703198,A
808,814,1PH-AL_#2_7STRNONENONEACSR_1/0_6/1,0.028955999,A
14828,14829,1PH-NONECU_#6_1STRNONEACSR_1/0_6/1,0.053644798,B
830,831,1PH-NONENONEAL_1/0_7STRACSR_1/0_6/1,0.053644798,C
1008229,1008227,1PH-NONEAL_#2_7STRNONEACSR_1/0_6/1,0.058826398,B
28189,28186,3PH_HORIZ_LG_1C-CU_#2_7STRCU_#2_7STRCU_#2_7STRACSR_1/0_6/1,0.068884798,ABC
6581,56756,1PH-NONECU_#6_1STRNONEACSR_1/0_6/1,0.126492,B
785,790,1PH-AL_#2_7STRNONENONEACSR_1/0_6/1,0.046939198,A
1160477,MDV201_15005ELB_INT,1PH-NONEBUSBARNONEBUSBAR,0.001,B
MDV201_15005ELB_INT,15005,BUSBAR,0.001524,B
56778,1149717,3PH_HORIZ_LG_1C-BUSBARBUSBARBUSBARBUSBAR,0.001524,ABC
8205,8204,1PH-NONEACSR_1/0_6/1NONEACSR_1/0_6/1,0.050901598,B
802,804,1PH-NONEAL_#2_7STRNONEACSR_1/0_6/1,0.051815998,B
94733,94734,1PH-NONEAL_#2_7STRNONEACSR_1/0_6/1,0.053949598,B
14873,14875,1PH-AL_#2_7STRNONENONEACSR_1/0_6/1,0.031699199,A
58441,1012406,1PH-NONENONEBUSBARBUSBAR,0.001524,C
39764,15011,3PH_HORIZ_LG_1C-AL_4/0_7STRAL_4/0_7STRAL_4/0_7STRACSR_1/0_6/1,0.1085088,ABC
8087,855,1PH-NONENONEAL_#2_7STRACSR_1/0_6/1,0.074980798,C
69623,108027,1PH-NONENONEBUSBARBUSBAR,0.001524,C
63638,1010727,1PH-BUSBARNONENONEBUSBAR,0.001524,A
39763,39762,3PH_HORIZ_LG_1C-AL_4/0_7STRAL_4/0_7STRAL_4/0_7STRACSR_1/0_6/1,0.013716,ABC
89785,1145433,1PH-NONENONEBUSBARBUSBAR,0.001524,C
8098,8108,1PH-NONENONEAL_#2_7STRACSR_1/0_6/1,0.032308799,C
14881,14878,1PH-AL_1/0_7STRNONENONEACSR_1/0_6/1,0.054559198,A
69485,69488,1PH-NONECU_#6_1STRNONEACSR_1/0_6/1,0.030175199,B
1160482,1160487,UG_1/0AL,0.091135197,B
8169,8168,1PH-NONECU_#6_1STRNONEACSR_1/0_6/1,0.092049597,B
1163438,MDV201_1163441ELB_INT,1PH-NONEBUSBARNONEBUSBAR,0.001,C
MDV201_1163441ELB_INT,1163441,BUSBAR,0.001524,C
14851,14852,1PH-NONEAL_#2_7STRNONEACSR_1/0_6/1,0.091439997,B
1160496,MDV201_8082ELB_INT,1PH-NONEBUSBARNONEBUSBAR,0.001,A
MDV201_8082ELB_INT,8082,BUSBAR,0.001524,A
14848,14871,1PH-NONENONEAL_1/0_7STRACSR_1/0_6/1,0.044195999,C
1144267,1144266,1PH-NONEAL_#2_7STRNONEACSR_1/0_6/1,0.031699199,B
28297,28298,1PH-NONENONECU_#6_1STRACSR_1/0_6/1,0.094183197,C
108027,69626,1PH-NONENONEAL_#2_7STRACSR_1/0_6/1,0.017983199,C
46400,46402,1PH-NONENONEAL_1/0_7STRACSR_1/0_6/1,0.067055998,C
63684,1144263,1PH-BUSBARNONENONEBUSBAR,0.001524,A
1144261,833,1PH-NONENONEAL_1/0_7STRACSR_1/0_6/1,0.066446398,C
39615,39616,1PH-NONEAL_1/0_7STRNONEACSR_1/0_6/1,0.039319199,B
39611,103731,1PH-BUSBARNONENONEBUSBAR,0.001524,A
1160500,1160501,UG_1/0AL,0.061569598,A
792,799,1PH-NONEAL_#2_7STRNONEACSR_1/0_6/1,0.025907999,B
28293,28294,1PH-NONENONECU_#6_1STRACSR_1/0_6/1,0.046634399,C
1000985,1000986,1PH-AL_#2_7STRNONENONEACSR_1/0_6/1,0.040233599,A
8110,8114,1PH-NONENONEAL_#2_7STRACSR_1/0_6/1,0.061874398,C
103729,39584,1PH-NONEAL_1/0_7STRNONEACSR_1/0_6/1,0.037795199,B
56778,56781,3PH_HORIZ_LG_1C-AL_4/0_7STRAL_4/0_7STRAL_4/0_7STRACSR_1/0_6/1,0.086258397,ABC
1160504,1160505,UG_1/0AL,0.053949598,A
62236,62237,1PH-NONENONEAL_1/0_7STRACSR_1/0_6/1,0.059131198,C
103728,39590,1PH-CU_#6_1STRNONENONEACSR_1/0_6/1,0.050901598,A
1160473,MDV201_15008ELB_INT,1PH-NONEBUSBARNONEBUSBAR,0.001,B
MDV201_15008ELB_INT,15008,BUSBAR,0.001524,B
39599,39600,1PH-NONEAL_#2_7STRNONEACSR_1/0_6/1,0.059435998,B
8162,44580,1PH-NONECU_#6_1STRNONEACSR_1/0_6/1,0.084429597,B
28233,28228,1PH-NONENONEAL_1/0_7STRACSR_1/0_6/1,0.053339998,C
816,826,1PH-NONEAL_#2_7STRNONEACSR_1/0_6/1,0.063093598,B
1160462,69460,UG_1/0AL,0.069189598,A
39576,52517,3PH_HORIZ_LG_1C-AL_1/0_7STRAL_1/0_7STRAL_1/0_7STRACSR_1/0_6/1,0.047853598,ABC
788,782,3PH_VERT_1C-AL_556_19STRAL_556_19STRAL_556_19STRACSR_1/0_6/1,0.067970398,ABC
94739,94742,1PH-CU_#6_1STRNONENONEACSR_1/0_6/1,0.078333597,A
106882,38389,1PH-NONECU_#6_1STRNONEACSR_1/0_6/1,0.092659197,B
63669,63670,1PH-NONENONEAL_1/0_7STRACSR_1/0_6/1,0.029870399,C
8101,MDV201_1160504ELB_INT,1PH-NONEBUSBARNONEBUSBAR,0.001,A
MDV201_1160504ELB_INT,1160504,BUSBAR,0.001524,A
1010728,1160489,UG_1/0AL,0.1197864,A
28222,28223,1PH-NONENONEAL_1/0_7STRACSR_1/0_6/1,0.061264798,C
94728,94740,1PH-NONEAL_1/0_7STRNONEACSR_1/0_6/1,0.066751198,B
8079,8078,3PH_HORIZ_LG_1C-CU_#2_7STRCU_#2_7STRCU_#2_7STRACSR_1/0_6/1,0.048463198,ABC
94737,94739,1PH-CU_#6_1STRNONENONEACSR_1/0_6/1,0.077419198,A
1012411,1012408,1PH-NONENONEAL_1/0_7STRACSR_1/0_6/1,0.017068799,C
8143,1160458,UG_1/0AL,0.056692798,A
62242,106884,1PH-NONENONEBUSBARBUSBAR,0.001524,C
8124,1144243,1PH-NONENONEBUSBARBUSBAR,0.001524,C
94740,69621,1PH-NONEAL_1/0_7STRNONEACSR_1/0_6/1,0.064007998,B
6568,MDV201_1160472ELB_INT,1PH-NONEBUSBARNONEBUSBAR,0.001,B
MDV201_1160472ELB_INT,1160472,BUSBAR,0.001524,B
63703,28301,1PH-NONENONECU_#6_1STRACSR_1/0_6/1,0.046024799,C
62311,62312,1PH-NONENONEAL_1/0_7STRACSR_1/0_6/1,0.060959998,C
840,836,1PH-NONEAL_1/0_7STRNONEACSR_1/0_6/1,0.048767998,B
28280,28279,1PH-CU_#6_1STRNONENONEACSR_1/0_6/1,0.042367199,A
28232,28226,3PH_HORIZ_LG_1C-AL_336_19STRAL_336_19STRAL_336_19STRACSR_1/0_6/1,0.040538399,ABC
14833,14834,1PH-NONENONECU_#6_1STRACSR_1/0_6/1,0.081076797,C
28311,89826,1PH-NONENONEAL_1/0_7STRACSR_1/0_6/1,0.061264798,C
63658,63659,3PH_VERT_1C-AL_556_19STRAL_556_19STRAL_556_19STRACSR_1/0_6/1,0.053949598,ABC
44578,44579,1PH-NONENONEAL_#2_7STRACSR_1/0_6/1,0.077723998,C
62264,62265,3PH_HORIZ_LG_1C-AL_4/0_7STRAL_4/0_7STRAL_4/0_7STRACSR_1/0_6/1,0.054863998,ABC
28240,28237,1PH-NONENONEAL_1/0_7STRACSR_1/0_6/1,0.051511198,C
56775,56776,1PH-NONEAL_1/0_7STRNONEACSR_1/0_6/1,0.054863998,B
69617,69623,3PH_HORIZ_LG_1C-AL_1/0_7STRAL_1/0_7STRAL_1/0_7STRACSR_1/0_6/1,0.060655198,ABC
MDV201,MDV201_HN_2_793_ABC1023346_INT,3PH_HORIZ_LG_1C-BUSBARBUSBARBUSBARBUSBAR,0.001,ABC
MDV201_HN_2_793_ABC1023346_INT,1023346,3PH_HORIZ_LG_1C-AL_556_19STRAL_556_19STRAL_556_19STRACSR_1/0_6/1,0.045719999,ABC
56781,108774,1PH-NONEBUSBARNONEBUSBAR,0.001524,B
1144237,1144236,1PH-NONECU_#6_1STRNONEACSR_1/0_6/1,0.082905597,B
8114,8123,1PH-NONENONEAL_#2_7STRACSR_1/0_6/1,0.061264798,C
14853,14854,1PH-NONEAL_1/0_7STRNONEACSR_1/0_6/1,0.056997598,B
1160485,MDV201_39754ELB_INT,1PH-NONEBUSBARNONEBUSBAR,0.001,B
MDV201_39754ELB_INT,39754,BUSBAR,0.001524,B
58433,1023343,1PH-NONENONEBUSBARBUSBAR,0.001524,C
1010729,1010728,UG_1/0AL,0.042671999,A
8090,8140,1PH-NONENONEAL_#2_7STRACSR_1/0_6/1,0.056083198,C
62231,106883,1PH-NONENONEBUSBARBUSBAR,0.001524,C
63645,63655,3PH_HORIZ_LG_1C-AL_556_19STRAL_556_19STRAL_556_19STRACSR_1/0_6/1,0.060959998,ABC
14854,94730,1PH-NONEAL_1/0_7STRNONEACSR_1/0_6/1,0.058521598,B
8160,104355,1PH-NONEBUSBARNONEBUSBAR,0.001524,B
1144241,63763,1PH-CU_#6_1STRNONENONEACSR_1/0_6/1,0.086258397,A
39776,39772,1PH-NONENONEAL_1/0_7STRACSR_1/0_6/1,0.024079199,C
89781,62308,1PH-NONENONEAL_1/0_7STRACSR_1/0_6/1,0.050901598,C
14893,28241,1PH-AL_1/0_7STRNONENONEACSR_1/0_6/1,0.066446398,A
46406,46404,1PH-NONENONECU_#6_1STRACSR_1/0_6/1,0.036271199,C
108028,69653,1PH-NONENONEAL_#2_7STRACSR_1/0_6/1,0.073761598,C
8164,8165,3PH_HORIZ_LG_1C-AL_4/0_7STRAL_4/0_7STRAL_4/0_7STRACSR_1/0_6/1,0.024993599,ABC
8130,8132,1PH-AL_#2_7STRNONENONEACSR_1/0_6/1,0.039319199,A
861,63685,3PH_VERT_1C-AL_556_19STRAL_556_19STRAL_556_19STRACSR_1/0_6/1,0.073456798,ABC
8129,8151,1PH-AL_#2_7STRNONENONEACSR_1/0_6/1,0.018287999,A
14838,14840,1PH-NONENONECU_#6_1STRACSR_1/0_6/1,0.054863998,C
62243,62251,1PH-NONENONEAL_1/0_7STRACSR_1/0_6/1,0.046939198,C
860,8153,1PH-NONENONEAL_#2_7STRACSR_1/0_6/1,0.063398398,C
107110,63666,2PH_VERT_1C-AL_1/0_7STRNONEAL_1/0_7STRACSR_1/0_6/1,0.075285598,AC
1160502,1160490,UG_1/0AL,0.082905597,A
853,1011953,3PH_HORIZ_LG_1C-BUSBARBUSBARBUSBARBUSBAR,0.001524,ABC
94735,52513,1PH-NONEAL_#2_7STRNONEACSR_1/0_6/1,0.039319199,B
102186,28277,1PH-NONENONEAL_#2_7STRACSR_1/0_6/1,0.045415199,C
39587,39586,1PH-NONEAL_1/0_7STRNONEACSR_1/0_6/1,0.043281599,B
39610,39599,1PH-NONEAL_#2_7STRNONEACSR_1/0_6/1,0.057302398,B
1160495,1160492,UG_1/0AL,0.095707197,A
39756,MDV201_1160484ELB_INT,1PH-NONEBUSBARNONEBUSBAR,0.001,B
MDV201_1160484ELB_INT,1160484,BUSBAR,0.001524,B
69484,69481,3PH_VERT_1C-AL_556_19STRAL_556_19STRAL_556_19STRACSR_1/0_6/1,0.10668,ABC
8145,MDV201_1160461ELB_INT,1PH-NONEBUSBARNONEBUSBAR,0.001,A
MDV201_1160461ELB_INT,1160461,BUSBAR,0.001524,A
38388,106882,1PH-NONEBUSBARNONEBUSBAR,0.001524,B
828,819,1PH-AL_#2_7STRNONENONEACSR_1/0_6/1,0.047243998,A
6577,8196,1PH-NONEAL_#2_7STRNONEACSR_1/0_6/1,0.067360798,B
62303,62304,1PH-NONENONEAL_1/0_7STRACSR_1/0_6/1,0.060045598,C
28250,28248,1PH-AL_1/0_7STRNONENONEACSR_1/0_6/1,0.052425598,A
8078,8074,3PH_VERT_1C-CU_#2_7STRCU_#2_7STRCU_#2_7STRACSR_1/0_6/1,0.071627998,ABC
14845,14836,3PH_HORIZ_LG_1C-AL_4/0_7STRAL_4/0_7STRAL_4/0_7STRACSR_1/0_6/1,0.100584,ABC
62250,62264,3PH_HORIZ_LG_1C-AL_4/0_7STRAL_4/0_7STRAL_4/0_7STRACSR_1/0_6/1,0.051206398,ABC
52524,14879,3PH_HORIZ_LG_1C-AL_4/0_7STRAL_4/0_7STRAL_4/0_7STRACSR_1/0_6/1,0.069189598,ABC
39569,39574,1PH-AL_#2_7STRNONENONEACSR_1/0_6/1,0.10668,A
1144257,8094,1PH-NONENONEAL_#2_7STRACSR_1/0_6/1,0.055778398,C
39575,39576,3PH_HORIZ_LG_1C-AL_1/0_7STRAL_1/0_7STRAL_1/0_7STRACSR_1/0_6/1,0.053949598,ABC
39577,39571,1PH-CU_#6_1STRNONENONEACSR_1/0_6/1,0.1078992,A
8124,8126,3PH_HORIZ_LG_1C-CU_#2_7STRCU_#2_7STRCU_#2_7STRACSR_1/0_6/1,0.068579998,ABC
1140228,69484,3PH_HORIZ_LG_1C-AL_556_19STRAL_556_19STRAL_556_19STRACSR_1/0_6/1,0.057302398,ABC
28261,102184,1PH-NONENONEBUSBARBUSBAR,0.001524,C
1160469,MDV201_39759ELB_INT,1PH-NONEBUSBARNONEBUSBAR,0.001,B
MDV201_39759ELB_INT,39759,BUSBAR,0.001524,B
856,857,1PH-NONENONEAL_#2_7STRACSR_1/0_6/1,0.022555199,C
39628,39629,1PH-NONENONEAL_1/0_7STRACSR_1/0_6/1,0.051815998,C
28244,1144254,1PH-NONEBUSBARNONEBUSBAR,0.001524,B
1103251,8099,1PH-NONENONEAL_#2_7STRACSR_1/0_6/1,0.058826398,C
8103,8104,1PH-NONENONEAL_#2_7STRACSR_1/0_6/1,0.050596798,C
112113,94736,1PH-CU_#6_1STRNONENONEACSR_1/0_6/1,0.018592799,A
6595,6597,1PH-AL_#2_7STRNONENONEACSR_1/0_6/1,0.056083198,A
56768,56770,1PH-AL_1/0_7STRNONENONEACSR_1/0_6/1,0.045415199,A
14841,14845,3PH_VERT_1C-AL_4/0_7STRAL_4/0_7STRAL_4/0_7STRACSR_1/0_6/1,0.057302398,ABC
1144265,52532,1PH-NONENONEAL_1/0_7STRACSR_1/0_6/1,0.079857597,C
14864,14863,1PH-AL_1/0_7STRNONENONEACSR_1/0_6/1,0.069189598,A
56766,1000983,1PH-BUSBARNONENONEBUSBAR,0.001524,A
28285,28284,3PH_HORIZ_LG_1C-AL_1/0_7STRAL_1/0_7STRAL_1/0_7STRACSR_1/0_6/1,0.048463198,ABC
67893,67891,3PH_HORIZ_LG_1C-AL_336_19STRAL_336_19STRAL_336_19STRACSR_1/0_6/1,0.073151998,ABC
15001,14993,1PH-NONEAL_#2_7STRNONEACSR_1/0_6/1,0.048767998,B
46388,46390,1PH-NONEAL_#2_7STRNONEACSR_1/0_6/1,0.067970398,B
28234,14864,1PH-AL_1/0_7STRNONENONEACSR_1/0_6/1,0.081076797,A
107107,63654,3PH_HORIZ_LG_1C-AL_4/0_7STRAL_4/0_7STRAL_4/0_7STRACSR_1/0_6/1,0.100584,ABC
816,812,1PH-NONEAL_#2_7STRNONEACSR_1/0_6/1,0.052425598,B
801,810,3PH_VERT_1C-AL_336_19STRAL_336_19STRAL_336_19STRACSR_1/0_6/1,0.049072798,ABC
14862,100479,1PH-NONENONEBUSBARBUSBAR,0.001524,C
39745,74452,1PH-NONENONEAL_#2_7STRACSR_1/0_6/1,0.050291998,C
1160479,MDV201_15004ELB_INT,1PH-NONEBUSBARNONEBUSBAR,0.001,B
MDV201_15004ELB_INT,15004,BUSBAR,0.001524,B
21650,21649,1PH-AL_#2_7STRNONENONEACSR_1/0_6/1,0.027127199,A
14850,52525,1PH-NONENONEAL_1/0_7STRACSR_1/0_6/1,0.029870399,C
58438,106261,1PH-NONENONEBUSBARBUSBAR,0.001524,C
8135,8136,1PH-AL_#2_7STRNONENONEACSR_1/0_6/1,0.036575999,A
39630,63667,1PH-NONENONEAL_1/0_7STRACSR_1/0_6/1,0.046939198,C
14834,100475,1PH-NONENONEBUSBARBUSBAR,0.001524,C
39743,39744,1PH-NONENONEAL_#2_7STRACSR_1/0_6/1,0.062483998,C
58411,88677,3PH_VERT_1C-AL_336_19STRAL_336_19STRAL_336_19STRACSR_1/0_6/1,0.059435998,ABC
39605,103730,1PH-NONEBUSBARNONEBUSBAR,0.001524,B
6569,MDV201_1160476ELB_INT,1PH-NONEBUSBARNONEBUSBAR,0.001,B
MDV201_1160476ELB_INT,1160476,BUSBAR,0.001524,B
63676,63678,1PH-AL_#2_7STRNONENONEACSR_1/0_6/1,0.048463198,A
62246,62248,1PH-NONENONEAL_1/0_7STRACSR_1/0_6/1,0.047853598,C
28266,28267,1PH-NONENONEAL_#2_7STRACSR_1/0_6/1,0.079247997,C
62298,1144244,1PH-NONEBUSBARNONEBUSBAR,0.001524,B
62235,62233,1PH-NONENONEAL_1/0_7STRACSR_1/0_6/1,0.052425598,C
89791,89813,1PH-NONENONEAL_#2_7STRACSR_1/0_6/1,0.025603199,C
46406,46408,1PH-NONENONEACSR_1/0_6/1ACSR_1/0_6/1,0.0085344,C
62237,62247,1PH-NONENONEAL_1/0_7STRACSR_1/0_6/1,0.041452799,C
6571,15006,1PH-NONEAL_#2_7STRNONEACSR_1/0_6/1,0.065531998,B
39572,94727,1PH-CU_#6_1STRNONENONEACSR_1/0_6/1,0.059435998,A
44585,38388,3PH_HORIZ_LG_1C-AL_4/0_7STRAL_4/0_7STRAL_4/0_7STRACSR_1/0_6/1,0.034137599,ABC
63671,63672,1PH-NONENONEAL_1/0_7STRACSR_1/0_6/1,0.049682398,C
1160467,MDV201_8076ELB_INT,1PH-NONEBUSBARNONEBUSBAR,0.001,A
MDV201_8076ELB_INT,8076,BUSBAR,0.001524,A
62297,1149715,1PH-NONEBUSBARNONEBUSBAR,0.001524,B
28277,28278,1PH-NONENONEAL_#2_7STRACSR_1/0_6/1,0.044805599,C
14865,14866,1PH-NONENONEAL_1/0_7STRACSR_1/0_6/1,0.064312798,C
106259,58433,1PH-NONENONECU_#6_1STRACSR_1/0_6/1,0.0143256,C
1000985,1000988,1PH-BUSBARNONENONEBUSBAR,0.001524,A
847,28208,3PH_HORIZ_LG_1C-AL_#2_7STRAL_#2_7STRAL_#2_7STRACSR_1/0_6/1,0.039623999,ABC
1160455,1160456,UG_1/0AL,0.059435998,A
56782,56783,1PH-AL_1/0_7STRNONENONEACSR_1/0_6/1,0.074371198,A
8080,1010740,BUSBAR,0.001524,A
93587,62261,3PH_HORIZ_LG_1C-AL_1/0_7STRAL_1/0_7STRAL_1/0_7STRACSR_1/0_6/1,0.053644798,ABC
63662,63663,3PH_VERT_1C-AL_336_19STRAL_336_19STRAL_336_19STRACSR_1/0_6/1,0.074980798,ABC
14872,14849,1PH-NONENONEAL_1/0_7STRACSR_1/0_6/1,0.060350398,C
89812,44578,1PH-NONENONEAL_1/0_7STRACSR_1/0_6/1,0.052425598,C
99414,6570,1PH-NONEAL_#2_7STRNONEACSR_1/0_6/1,0.017373599,B
842,844,1PH-AL_#2_7STRNONENONEACSR_1/0_6/1,0.045719999,A
58439,39741,1PH-NONENONECU_#6_1STRACSR_1/0_6/1,0.093573597,C
841,1144259,2PH_HORIZ_LG_1C-BUSBARNONEBUSBARBUSBAR,0.001524,AC
44577,8190,1PH-NONENONEAL_1/0_7STRACSR_1/0_6/1,0.044805599,C
39755,MDV201_1160482ELB_INT,1PH-NONEBUSBARNONEBUSBAR,0.001,B
MDV201_1160482ELB_INT,1160482,BUSBAR,0.001524,B
62252,89789,1PH-NONENONEAL_1/0_7STRACSR_1/0_6/1,0.038099999,C
14992,39775,1PH-NONEAL_#2_7STRNONEACSR_1/0_6/1,0.065227198,B
1144233,69487,3PH_HORIZ_LG_1C-AL_1/0_7STRAL_1/0_7STRAL_1/0_7STRACSR_1/0_6/1,0.063703198,ABC
846,28199,3PH_HORIZ_LG_1C-CU_#2_7STRCU_#2_7STRCU_#2_7STRACSR_1/0_6/1,0.063398398,ABC
791,788,3PH_HORIZ_LG_1C-AL_556_19STRAL_556_19STRAL_556_19STRACSR_1/0_6/1,0.066751198,ABC
89785,89797,1PH-NONENONEAL_#2_7STRACSR_1/0_6/1,0.067970398,C
39741,39749,1PH-NONENONECU_#6_1STRACSR_1/0_6/1,0.091744797,C
803,805,1PH-NONEBUSBARNONEBUSBAR,0.001524,B
8184,14841,3PH_VERT_1C-AL_4/0_7STRAL_4/0_7STRAL_4/0_7STRACSR_1/0_6/1,0.068884798,ABC
62295,62296,1PH-NONEAL_1/0_7STRNONEACSR_1/0_6/1,0.039623999,B
52515,52516,1PH-NONEAL_#2_7STRNONEACSR_1/0_6/1,0.033223199,B
6575,99414,BUSBAR,0.001524,B
28239,28235,1PH-NONENONEAL_1/0_7STRACSR_1/0_6/1,0.063703198,C
74428,74432,1PH-AL_1/0_7STRNONENONEACSR_1/0_6/1,0.0149352,A
56764,56772,1PH-AL_#2_7STRNONENONEACSR_1/0_6/1,0.059131198,A
28246,14851,1PH-NONEAL_#2_7STRNONEACSR_1/0_6/1,0.096621597,B
14857,51012,3PH_HORIZ_LG_1C-AL_4/0_7STRAL_4/0_7STRAL_4/0_7STRACSR_1/0_6/1,0.051511198,ABC
1148537,1149722,1PH-NONENONEBUSBARBUSBAR,0.001524,C
44580,8169,1PH-NONECU_#6_1STRNONEACSR_1/0_6/1,0.1109472,B
89781,62310,1PH-NONENONEAL_1/0_7STRACSR_1/0_6/1,0.072237598,C
14993,14992,1PH-NONEAL_#2_7STRNONEACSR_1/0_6/1,0.081076797,B
63659,MDV201_107109USD_INT,3PH_HORIZ_LG_1C-BUSBARBUSBARBUSBARBUSBAR,0.001,ABC
MDV201_107109USD_INT,107109,3PH_HORIZ_LG_1C-BUSBARBUSBARBUSBARBUSBAR,0.001524,ABC
58426,88656,3PH_HORIZ_LG_1C-AL_336_19STRAL_336_19STRAL_336_19STRACSR_1/0_6/1,0.053644798,ABC
1144259,1144258,2PH_VERT_1C-AL_#2_7STRNONEAL_#2_7STRACSR_1/0_6/1,0.012192,AC
39752,39753,1PH-NONEAL_#2_7STRNONEACSR_1/0_6/1,0.061569598,B
39765,39776,1PH-NONENONECU_#6_1STRACSR_1/0_6/1,0.115824,C
62310,89783,1PH-NONENONEAL_1/0_7STRACSR_1/0_6/1,0.054254398,C
8179,8175,1PH-NONENONEAL_1/0_7STRACSR_1/0_6/1,0.055778398,C
56784,56785,1PH-AL_1/0_7STRNONENONEACSR_1/0_6/1,0.064312798,A
857,858,1PH-NONENONEAL_#2_7STRACSR_1/0_6/1,0.044805599,C
28249,28240,1PH-NONENONEAL_1/0_7STRACSR_1/0_6/1,0.053644798,C
8092,8097,1PH-AL_#2_7STRNONENONEACSR_1/0_6/1,0.052425598,A
28287,102185,1PH-BUSBARNONENONEBUSBAR,0.001524,A
56781,74420,3PH_HORIZ_LG_1C-AL_4/0_7STRAL_4/0_7STRAL_4/0_7STRACSR_1/0_6/1,0.099059997,ABC
103731,39613,1PH-CU_#6_1STRNONENONEACSR_1/0_6/1,0.049682398,A
28291,102187,1PH-NONENONEBUSBARBUSBAR,0.001524,C
837,39625,1PH-NONEAL_1/0_7STRNONEACSR_1/0_6/1,0.054559198,B
8100,1160454,UG_1/0AL,0.018897599,A
1163441,1163442,UG_1/0AL,0.072847198,C
8076,MDV201_1160466ELB_INT,1PH-NONEBUSBARNONEBUSBAR,0.001,A
MDV201_1160466ELB_INT,1160466,BUSBAR,0.001524,A
58431,58426,3PH_VERT_1C-AL_336_19STRAL_336_19STRAL_336_19STRACSR_1/0_6/1,0.072542398,ABC
28228,28229,1PH-NONENONEAL_1/0_7STRACSR_1/0_6/1,0.062179198,C
28196,28193,3PH_HORIZ_LG_1C-CU_#2_7STRCU_#2_7STRCU_#2_7STRACSR_1/0_6/1,0.056997598,ABC
797,789,1PH-NONEAL_#2_7STRNONEACSR_1/0_6/1,0.046024799,B
8128,8130,1PH-AL_#2_7STRNONENONEACSR_1/0_6/1,0.066446398,A
28225,39565,1PH-AL_#2_7STRNONENONEACSR_1/0_6/1,0.059435998,A
89813,44577,1PH-NONENONEAL_#2_7STRACSR_1/0_6/1,0.047548798,C
88660,88665,1PH-NONEAL_#2_7STRNONEACSR_1/0_6/1,0.056692798,B
8074,8072,3PH_VERT_1C-CU_#2_7STRCU_#2_7STRCU_#2_7STRACSR_1/0_6/1,0.073151998,ABC
1160465,MDV201_8077ELB_INT,1PH-NONEBUSBARNONEBUSBAR,0.001,A
MDV201_8077ELB_INT,8077,BUSBAR,0.001524,A
63726,63718,1PH-AL_#2_7STRNONENONEACSR_1/0_6/1,0.064007998,A
8088,MDV201_1160491ELB_INT,1PH-NONEBUSBARNONEBUSBAR,0.001,A
MDV201_1160491ELB_INT,1160491,BUSBAR,0.001524,A
39565,39601,1PH-AL_#2_7STRNONENONEACSR_1/0_6/1,0.035966399,A
14995,14996,1PH-NONEAL_#2_7STRNONEACSR_1/0_6/1,0.062788798,B
8185,8186,1PH-CU_#6_1STRNONENONEACSR_1/0_6/1,0.082600797,A
62239,62242,3PH_HORIZ_LG_1C-AL_4/0_7STRAL_4/0_7STRAL_4/0_7STRACSR_1/0_6/1,0.060959998,ABC
63703,63704,1PH-NONENONEAL_#2_7STRACSR_1/0_6/1,0.048767998,C
67891,107782,3PH_HORIZ_LG_1C-AL_336_19STRAL_336_19STRAL_336_19STRACSR_1/0_6/1,0.064007998,ABC
1160464,1160496,UG_1/0AL,0.069189598,A
52526,105409,3PH_HORIZ_LG_1C-BUSBARBUSBARBUSBARBUSBAR,0.001524,ABC
1144232,MDV201_1140228USD_INT,3PH_HORIZ_LG_1C-BUSBARBUSBARBUSBARBUSBAR,0.001,ABC
MDV201_1140228USD_INT,1140228,3PH_HORIZ_LG_1C-BUSBARBUSBARBUSBARBUSBAR,0.001524,ABC
69487,39611,3PH_HORIZ_LG_1C-AL_1/0_7STRAL_1/0_7STRAL_1/0_7STRACSR_1/0_6/1,0.053949598,ABC
28238,28234,1PH-AL_1/0_7STRNONENONEACSR_1/0_6/1,0.051815998,A
8147,MDV201_1160502ELB_INT,1PH-NONEBUSBARNONEBUSBAR,0.001,A
MDV201_1160502ELB_INT,1160502,BUSBAR,0.001524,A
58446,28285,3PH_HORIZ_LG_1C-AL_1/0_7STRAL_1/0_7STRAL_1/0_7STRACSR_1/0_6/1,0.053644798,ABC
1160475,MDV201_6569ELB_INT,1PH-NONEBUSBARNONEBUSBAR,0.001,B
MDV201_6569ELB_INT,6569,BUSBAR,0.001524,B
46404,46405,1PH-NONENONECU_#6_1STRACSR_1/0_6/1,0.055778398,C
52513,52514,1PH-NONEAL_#2_7STRNONEACSR_1/0_6/1,0.071323198,B
28297,100476,1PH-NONENONEBUSBARBUSBAR,0.001524,C
834,841,3PH_HORIZ_LG_1C-CU_#2_7STRCU_#2_7STRCU_#2_7STRACSR_1/0_6/1,0.076809598,ABC
89778,1144248,1PH-NONEBUSBARNONEBUSBAR,0.001524,B
99618,8152,1PH-AL_#2_7STRNONENONEACSR_1/0_6/1,0.058216798,A
52530,52527,1PH-NONENONEAL_1/0_7STRACSR_1/0_6/1,0.043586399,C
14847,1140226,1PH-NONENONEBUSBARBUSBAR,0.001524,C
62242,62250,3PH_HORIZ_LG_1C-AL_4/0_7STRAL_4/0_7STRAL_4/0_7STRACSR_1/0_6/1,0.073456798,ABC
790,798,1PH-AL_#2_7STRNONENONEACSR_1/0_6/1,0.042062399,A
94727,112113,1PH-BUSBARNONENONEBUSBAR,0.001524,A
62251,62258,1PH-NONENONEAL_1/0_7STRACSR_1/0_6/1,0.053035198,C
14857,14858,1PH-AL_#2_7STRNONENONEACSR_1/0_6/1,0.019811999,A
58436,58437,1PH-NONENONECU_#6_1STRACSR_1/0_6/1,0.053035198,C
63664,63642,3PH_HORIZ_LG_1C-AL_336_19STRAL_336_19STRAL_336_19STRACSR_1/0_6/1,0.079552797,ABC
28301,28299,1PH-NONENONECU_#6_1STRACSR_1/0_6/1,0.043891199,C
46403,74455,1PH-NONENONECU_#6_1STRACSR_1/0_6/1,0.037490399,C
58420,106257,1PH-NONEBUSBARNONEBUSBAR,0.001524,B
99422,6595,1PH-AL_#2_7STRNONENONEACSR_1/0_6/1,0.021031199,A
28281,28280,1PH-CU_#6_1STRNONENONEACSR_1/0_6/1,0.049682398,A
28242,28243,1PH-AL_1/0_7STRNONENONEACSR_1/0_6/1,0.052120798,A
8072,99617,1PH-BUSBARNONENONEBUSBAR,0.001524,A
62237,1148537,1PH-NONENONEAL_1/0_7STRACSR_1/0_6/1,0.076199998,C
39622,39621,1PH-NONEAL_1/0_7STRNONEACSR_1/0_6/1,0.048767998,B
74444,74445,1PH-NONEAL_#2_7STRNONEACSR_1/0_6/1,0.024079199,B
814,827,1PH-AL_#2_7STRNONENONEACSR_1/0_6/1,0.053644798,A
8115,8116,1PH-NONENONEAL_#2_7STRACSR_1/0_6/1,0.047548798,C
805,806,1PH-NONEAL_#2_7STRNONEACSR_1/0_6/1,0.070103998,B
8072,69490,3PH_VERT_1C-CU_#2_7STRCU_#2_7STRCU_#2_7STRACSR_1/0_6/1,0.1143,ABC
52527,52523,1PH-NONENONEAL_1/0_7STRACSR_1/0_6/1,0.067055998,C
8073,1160493,UG_1/0AL,0.051511198,A
1160452,MDV201_1145434ELB_INT,1PH-NONEBUSBARNONEBUSBAR,0.001,C
MDV201_1145434ELB_INT,1145434,BUSBAR,0.001524,C
62262,MDV201_1144239USD_INT,3PH_HORIZ_LG_1C-BUSBARBUSBARBUSBARBUSBAR,0.001,ABC
MDV201_1144239USD_INT,1144239,3PH_HORIZ_LG_1C-BUSBARBUSBARBUSBARBUSBAR,0.001524,ABC
1160491,1160463,UG_1/0AL,0.089611197,A
8075,MDV201_1160494ELB_INT,1PH-NONEBUSBARNONEBUSBAR,0.001,A
MDV201_1160494ELB_INT,1160494,BUSBAR,0.001524,A
63713,63709,1PH-AL_#2_7STRNONENONEACSR_1/0_6/1,0.053644798,A
1160454,MDV201_8102ELB_INT,1PH-NONEBUSBARNONEBUSBAR,0.001,A
MDV201_8102ELB_INT,8102,BUSBAR,0.001524,A
46401,46403,1PH-NONENONECU_#6_1STRACSR_1/0_6/1,0.037185599,C
8177,8178,3PH_VERT_1C-AL_4/0_7STRAL_4/0_7STRAL_4/0_7STRACSR_1/0_6/1,0.081381597,ABC
94726,94735,1PH-NONEAL_#2_7STRNONEACSR_1/0_6/1,0.050901598,B
99417,6579,1PH-AL_#2_7STRNONENONEACSR_1/0_6/1,0.029260799,A
56755,56760,1PH-AL_#2_7STRNONENONEACSR_1/0_6/1,0.060350398,A
6576,6574,1PH-NONECU_#6_1STRNONEACSR_1/0_6/1,0.063703198,B
39618,39619,1PH-NONEAL_1/0_7STRNONEACSR_1/0_6/1,0.049072798,B
1012409,28312,1PH-NONENONEAL_1/0_7STRACSR_1/0_6/1,0.098450397,C
1144255,8174,1PH-AL_#2_7STRNONENONEACSR_1/0_6/1,0.083819997,A
14893,28250,1PH-AL_1/0_7STRNONENONEACSR_1/0_6/1,0.061874398,A
46386,88660,1PH-NONEAL_#2_7STRNONEACSR_1/0_6/1,0.071932798,B
100494,14990,1PH-NONECU_#6_1STRNONEACSR_1/0_6/1,0.1072896,B
831,39630,1PH-NONENONEAL_1/0_7STRACSR_1/0_6/1,0.046634399,C
1010740,1010739,1PH-AL_#2_7STRNONENONEACSR_1/0_6/1,0.053339998,A
1010733,1103251,1PH-NONENONEAL_#2_7STRACSR_1/0_6/1,0.025298399,C
63716,63719,1PH-NONENONEAL_#2_7STRACSR_1/0_6/1,0.049682398,C
28224,28220,3PH_HORIZ_LG_1C-AL_336_19STRAL_336_19STRAL_336_19STRACSR_1/0_6/1,0.033832799,ABC
6584,6594,3PH_HORIZ_LG_1C-AL_4/0_7STRAL_4/0_7STRAL_4/0_7STRACSR_1/0_6/1,0.059131198,ABC
8132,21652,1PH-AL_#2_7STRNONENONEACSR_1/0_6/1,0.032613599,A
1144264,63675,1PH-AL_1/0_7STRNONENONEACSR_1/0_6/1,0.049987198,A
63640,63636,1PH-NONEAL_#2_7STRNONEACSR_1/0_6/1,0.047243998,B
39611,39605,3PH_HORIZ_LG_1C-AL_1/0_7STRAL_1/0_7STRAL_1/0_7STRACSR_1/0_6/1,0.071323198,ABC
58415,88675,3PH_HORIZ_LG_1C-AL_336_19STRAL_336_19STRAL_336_19STRACSR_1/0_6/1,0.070103998,ABC
1144253,1144252,1PH-NONEAL_1/0_7STRNONEACSR_1/0_6/1,0.051511198,B
800,801,3PH_HORIZ_LG_1C-AL_336_19STRAL_336_19STRAL_336_19STRACSR_1/0_6/1,0.073456798,ABC
8083,8084,3PH_HORIZ_LG_1C-CU_#2_7STRCU_#2_7STRCU_#2_7STRACSR_1/0_6/1,0.031394399,ABC
63685,63638,3PH_HORIZ_LG_1C-AL_556_19STRAL_556_19STRAL_556_19STRACSR_1/0_6/1,0.093878397,ABC
98800,851,1PH-AL_#2_7STRNONENONEACSR_1/0_6/1,0.042367199,A
58418,58422,1PH-AL_#2_7STRNONENONEACSR_1/0_6/1,0.077419198,A
850,69491,1PH-NONEAL_1/0_7STRNONEACSR_1/0_6/1,0.060045598,B
69481,1008229,1PH-NONEBUSBARNONEBUSBAR,0.001524,B
102185,28282,1PH-CU_#6_1STRNONENONEACSR_1/0_6/1,0.060045598,A
63707,8177,3PH_HORIZ_LG_1C-AL_4/0_7STRAL_4/0_7STRAL_4/0_7STRACSR_1/0_6/1,0.071018398,ABC
6582,99419,1PH-BUSBARNONENONEBUSBAR,0.001524,A
63711,44582,3PH_HORIZ_LG_1C-AL_4/0_7STRAL_4/0_7STRAL_4/0_7STRACSR_1/0_6/1,0.043281599,ABC
98795,847,3PH_VERT_1C-AL_#2_7STRAL_#2_7STRAL_#2_7STRACSR_1/0_6/1,0.022250399,ABC
62297,39757,1PH-NONECU_#6_1STRNONEACSR_1/0_6/1,0.046024799,B
8155,8156,1PH-NONENONEAL_#2_7STRACSR_1/0_6/1,0.026822399,C
1160497,MDV201_8159ELB_INT,1PH-NONEBUSBARNONEBUSBAR,0.001,A
MDV201_8159ELB_INT,8159,BUSBAR,0.001524,A
8152,28213,1PH-AL_#2_7STRNONENONEACSR_1/0_6/1,0.069799198,A
1144266,825,1PH-NONEAL_#2_7STRNONEACSR_1/0_6/1,0.058826398,B
39591,39592,1PH-AL_#2_7STRNONENONEACSR_1/0_6/1,0.086867997,A
14882,14867,1PH-NONENONEAL_1/0_7STRACSR_1/0_6/1,0.060959998,C
103746,39765,1PH-NONENONECU_#6_1STRACSR_1/0_6/1,0.055778398,C
8104,8110,1PH-NONENONEAL_#2_7STRACSR_1/0_6/1,0.060655198,C
833,830,1PH-NONENONEAL_1/0_7STRACSR_1/0_6/1,0.041757599,C
63659,107108,1PH-NONEBUSBARNONEBUSBAR,0.001524,B
1023343,1023342,1PH-NONENONEAL_#2_7STRACSR_1/0_6/1,0.080162397,C
1160470,1160483,UG_1/0AL,0.050596798,B
63636,802,1PH-NONEAL_#2_7STRNONEACSR_1/0_6/1,0.039928799,B
14879,14880,3PH_HORIZ_LG_1C-AL_4/0_7STRAL_4/0_7STRAL_4/0_7STRACSR_1/0_6/1,0.071018398,ABC
52526,1144265,1PH-NONENONEBUSBARBUSBAR,0.001524,C
74440,74437,1PH-NONENONEAL_#2_7STRACSR_1/0_6/1,0.063703198,C
14842,14843,1PH-CU_#6_1STRNONENONEACSR_1/0_6/1,0.061874398,A
39584,39578,1PH-NONEAL_1/0_7STRNONEACSR_1/0_6/1,0.063703198,B
28286,28287,3PH_HORIZ_LG_1C-AL_1/0_7STRAL_1/0_7STRAL_1/0_7STRACSR_1/0_6/1,0.083210397,ABC
786,787,1PH-NONEAL_#2_7STRNONEACSR_1/0_6/1,0.045110399,B
14892,28247,3PH_HORIZ_LG_1C-AL_4/0_7STRAL_4/0_7STRAL_4/0_7STRACSR_1/0_6/1,0.090830397,ABC
8077,MDV201_1160464ELB_INT,1PH-NONEBUSBARNONEBUSBAR,0.001,A
MDV201_1160464ELB_INT,1160464,BUSBAR,0.001524,A
94742,94743,1PH-CU_#6_1STRNONENONEACSR_1/0_6/1,0.046329599,A
28235,28233,1PH-NONENONEAL_1/0_7STRACSR_1/0_6/1,0.046939198,C
74421,74424,1PH-AL_1/0_7STRNONENONEACSR_1/0_6/1,0.074675998,A
39582,103729,1PH-NONEBUSBARNONEBUSBAR,0.001524,B
1144231,8193,1PH-CU_#6_1STRNONENONEACSR_1/0_6/1,0.050291998,A
6572,6573,1PH-NONECU_#6_1STRNONEACSR_1/0_6/1,0.072237598,B
6573,6575,1PH-NONECU_#6_1STRNONEACSR_1/0_6/1,0.051511198,B
8081,848,1PH-NONEAL_1/0_7STRNONEACSR_1/0_6/1,0.023469599,B
1012414,1012415,1PH-NONENONECU_#6_1STRACSR_1/0_6/1,0.099059997,C
100476,28302,1PH-NONENONEAL_#2_7STRACSR_1/0_6/1,0.044195999,C
8081,8080,3PH_HORIZ_LG_1C-CU_#2_7STRCU_#2_7STRCU_#2_7STRACSR_1/0_6/1,0.053949598,ABC
1012408,1012409,1PH-NONENONEAL_1/0_7STRACSR_1/0_6/1,0.098450397,C
28223,14865,1PH-NONENONEAL_1/0_7STRACSR_1/0_6/1,0.075285598,C
1144234,58418,1PH-AL_#2_7STRNONENONEACSR_1/0_6/1,0.1130808,A
14835,14844,1PH-NONENONECU_#6_1STRACSR_1/0_6/1,0.041452799,C
8086,8087,1PH-NONENONEAL_#2_7STRACSR_1/0_6/1,0.051206398,C
844,845,1PH-AL_#2_7STRNONENONEACSR_1/0_6/1,0.045719999,A
28247,28244,3PH_VERT_1C-AL_4/0_7STRAL_4/0_7STRAL_4/0_7STRACSR_1/0_6/1,0.047853598,ABC
8139,8134,1PH-AL_#2_7STRNONENONEACSR_1/0_6/1,0.073761598,A
8089,MDV201_1160462ELB_INT,1PH-NONEBUSBARNONEBUSBAR,0.001,A
MDV201_1160462ELB_INT,1160462,BUSBAR,0.001524,A
69465,69464,1PH-CU_#6_1STRNONENONEACSR_1/0_6/1,0.040843199,A
69621,69622,1PH-NONEAL_1/0_7STRNONEACSR_1/0_6/1,0.069799198,B
1149719,1149720,1PH-NONEAL_#2_7STRNONEACSR_1/0_6/1,0.074980798,B
793,792,1PH-NONEAL_#2_7STRNONEACSR_1/0_6/1,0.043586399,B
39617,39615,1PH-NONEAL_1/0_7STRNONEACSR_1/0_6/1,0.074066398,B
28190,28191,2PH_HORIZ_LG_1C-AL_1/0_7STRAL_1/0_7STRNONEACSR_1/0_6/1,0.047243998,AB
14989,14994,1PH-NONECU_#6_1STRNONEACSR_1/0_6/1,0.095097597,B
107109,63662,3PH_VERT_1C-AL_556_19STRAL_556_19STRAL_556_19STRACSR_1/0_6/1,0.054863998,ABC
1012405,1012411,1PH-NONENONEBUSBARBUSBAR,0.001524,C
14829,62298,1PH-NONECU_#6_1STRNONEACSR_1/0_6/1,0.073456798,B
107108,63661,1PH-NONEAL_#2_7STRNONEACSR_1/0_6/1,0.040233599,B
89790,89779,1PH-NONENONECU_#6_1STRACSR_1/0_6/1,0.10668,C
63663,63665,3PH_HORIZ_LG_1C-AL_336_19STRAL_336_19STRAL_336_19STRACSR_1/0_6/1,0.077723998,ABC
28237,28236,1PH-NONENONEAL_1/0_7STRACSR_1/0_6/1,0.056692798,C
63712,63716,1PH-NONENONEAL_#2_7STRACSR_1/0_6/1,0.041452799,C
8196,8197,1PH-NONEAL_#2_7STRNONEACSR_1/0_6/1,0.068579998,B
63634,63633,1PH-NONEAL_#2_7STRNONEACSR_1/0_6/1,0.057911998,B
823,8111,3PH_HORIZ_LG_1C-CU_#2_7STRCU_#2_7STRCU_#2_7STRACSR_1/0_6/1,0.058216798,ABC
28274,28275,1PH-NONENONECU_#6_1STRACSR_1/0_6/1,0.060350398,C
67896,67893,3PH_HORIZ_LG_1C-AL_336_19STRAL_336_19STRAL_336_19STRACSR_1/0_6/1,0.070103998,ABC
8105,MDV201_1160506ELB_INT,1PH-NONEBUSBARNONEBUSBAR,0.001,A
MDV201_1160506ELB_INT,1160506,BUSBAR,0.001524,A
102187,28276,1PH-NONENONECU_#6_1STRACSR_1/0_6/1,0.050291998,C
1144248,1144247,1PH-NONEAL_1/0_7STRNONEACSR_1/0_6/1,0.099059997,B
69491,39620,1PH-NONEAL_1/0_7STRNONEACSR_1/0_6/1,0.048158398,B
1160481,MDV201_39755ELB_INT,1PH-NONEBUSBARNONEBUSBAR,0.001,B
MDV201_39755ELB_INT,39755,BUSBAR,0.001524,B
6574,6581,1PH-NONECU_#6_1STRNONEACSR_1/0_6/1,0.096011997,B
39757,39758,1PH-NONECU_#6_1STRNONEACSR_1/0_6/1,0.089001597,B
94730,52520,1PH-NONEAL_1/0_7STRNONEACSR_1/0_6/1,0.061874398,B
39764,1144240,1PH-BUSBARNONENONEBUSBAR,0.001524,A
51012,63714,3PH_HORIZ_LG_1C-AL_4/0_7STRAL_4/0_7STRAL_4/0_7STRACSR_1/0_6/1,0.079247997,ABC
52518,94728,1PH-NONEAL_1/0_7STRNONEACSR_1/0_6/1,0.063093598,B
1017349,56788,1PH-NONEACSR_1/0_6/1NONEACSR_1/0_6/1,0.094183197,B
89824,89823,1PH-AL_#2_7STRNONENONEACSR_1/0_6/1,0.049072798,A
39582,39575,3PH_HORIZ_LG_1C-AL_1/0_7STRAL_1/0_7STRAL_1/0_7STRACSR_1/0_6/1,0.078638397,ABC
21653,21651,1PH-AL_#2_7STRNONENONEACSR_1/0_6/1,0.046634399,A
63637,63632,1PH-NONEAL_#2_7STRNONEACSR_1/0_6/1,0.032613599,B
28276,28270,1PH-NONENONECU_#6_1STRACSR_1/0_6/1,0.1002792,C
63716,63717,1PH-NONENONEAL_#2_7STRACSR_1/0_6/1,0.052730398,C
28259,28260,1PH-NONENONECU_#6_1STRACSR_1/0_6/1,0.091135197,C
63716,1012641,1PH-NONENONEACSR_1/0_6/1ACSR_1/0_6/1,0.0146304,C
28261,28259,1PH-NONENONECU_#6_1STRACSR_1/0_6/1,0.034747199,C
62233,62232,1PH-NONENONEAL_1/0_7STRACSR_1/0_6/1,0.040233599,C
827,835,1PH-AL_#2_7STRNONENONEACSR_1/0_6/1,0.052730398,A
28312,28311,1PH-NONENONEAL_1/0_7STRACSR_1/0_6/1,0.081381597,C
14991,14997,1PH-NONEAL_#2_7STRNONEACSR_1/0_6/1,0.045110399,B
6573,1144251,1PH-NONEBUSBARNONEBUSBAR,0.001524,B
21651,21650,1PH-AL_#2_7STRNONENONEACSR_1/0_6/1,0.057607198,A
74451,46389,1PH-NONEAL_#2_7STRNONEACSR_1/0_6/1,0.058521598,B
843,838,1PH-AL_#2_7STRNONENONEACSR_1/0_6/1,0.042671999,A
1160501,MDV201_8147ELB_INT,1PH-NONEBUSBARNONEBUSBAR,0.001,A
MDV201_8147ELB_INT,8147,BUSBAR,0.001524,A
8080,8079,3PH_HORIZ_LG_1C-CU_#2_7STRCU_#2_7STRCU_#2_7STRACSR_1/0_6/1,0.053644798,ABC
14854,94741,1PH-NONEAL_#2_7STRNONEACSR_1/0_6/1,0.048767998,B
69458,69459,1PH-CU_#6_1STRNONENONEACSR_1/0_6/1,0.076504798,A
6574,1144250,1PH-NONEBUSBARNONEBUSBAR,0.001524,B
69620,14853,1PH-NONEAL_1/0_7STRNONEACSR_1/0_6/1,0.030479999,B
6578,6580,3PH_HORIZ_LG_1C-AL_4/0_7STRAL_4/0_7STRAL_4/0_7STRACSR_1/0_6/1,0.081381597,ABC
8134,8135,1PH-AL_#2_7STRNONENONEACSR_1/0_6/1,0.030175199,A
1144243,1144242,1PH-NONENONEAL_#2_7STRACSR_1/0_6/1,0.030175199,C
14979,14978,1PH-NONENONECU_#6_1STRACSR_1/0_6/1,0.080162397,C
52516,94726,1PH-NONEAL_#2_7STRNONEACSR_1/0_6/1,0.064007998,B
46408,74454,1PH-NONENONEACSR_1/0_6/1ACSR_1/0_6/1,0.076199998,C
102188,28271,1PH-NONENONEAL_#2_7STRACSR_1/0_6/1,0.071018398,C
8117,8118,1PH-AL_#2_7STRNONENONEACSR_1/0_6/1,0.049072798,A
62298,62297,1PH-NONECU_#6_1STRNONEACSR_1/0_6/1,0.060959998,B
104582,46400,1PH-NONENONEAL_1/0_7STRACSR_1/0_6/1,0.0124968,C
14893,14894,1PH-AL_1/0_7STRNONENONEACSR_1/0_6/1,0.046024799,A
63682,28232,3PH_HORIZ_LG_1C-AL_336_19STRAL_336_19STRAL_336_19STRACSR_1/0_6/1,0.044805599,ABC
74414,56775,1PH-NONEAL_1/0_7STRNONEACSR_1/0_6/1,0.053339998,B
1160498,MDV201_8109ELB_INT,1PH-NONEBUSBARNONEBUSBAR,0.001,A
MDV201_8109ELB_INT,8109,BUSBAR,0.001524,A
46407,46406,1PH-NONENONECU_#6_1STRACSR_1/0_6/1,0.046024799,C
1160506,1160498,UG_1/0AL,0.039928799,A
63640,63635,1PH-NONEAL_#2_7STRNONEACSR_1/0_6/1,0.052425598,B
8183,8182,1PH-CU_#6_1STRNONENONEACSR_1/0_6/1,0.082905597,A
62257,1010730,3PH_HORIZ_LG_1C-BUSBARBUSBARBUSBARBUSBAR,0.001524,ABC
63662,63664,3PH_HORIZ_LG_1C-AL_336_19STRAL_336_19STRAL_336_19STRACSR_1/0_6/1,0.068884798,ABC
63672,63673,1PH-NONENONEAL_1/0_7STRACSR_1/0_6/1,0.053035198,C
8100,1160503,UG_1/0AL,0.1255776,A
8160,44583,3PH_HORIZ_LG_1C-AL_4/0_7STRAL_4/0_7STRAL_4/0_7STRACSR_1/0_6/1,0.033223199,ABC
39588,39587,1PH-NONEAL_1/0_7STRNONEACSR_1/0_6/1,0.064312798,B
1160460,MDV201_8145ELB_INT,1PH-NONEBUSBARNONEBUSBAR,0.001,A
MDV201_8145ELB_INT,8145,BUSBAR,0.001524,A
69616,69617,3PH_HORIZ_LG_1C-AL_1/0_7STRAL_1/0_7STRAL_1/0_7STRACSR_1/0_6/1,0.061264798,ABC
8121,8115,1PH-NONENONEAL_#2_7STRACSR_1/0_6/1,0.045415199,C
63655,63657,3PH_VERT_1C-AL_556_19STRAL_556_19STRAL_556_19STRACSR_1/0_6/1,0.069189598,ABC
39625,39624,1PH-NONEAL_1/0_7STRNONEACSR_1/0_6/1,0.057302398,B
1160480,1160477,UG_1/0AL,0.099059997,B
1160503,MDV201_8101ELB_INT,1PH-NONEBUSBARNONEBUSBAR,0.001,A
MDV201_8101ELB_INT,8101,BUSBAR,0.001524,A
44586,62231,1PH-NONENONEAL_1/0_7STRACSR_1/0_6/1,0.017983199,C
6594,56751,3PH_HORIZ_LG_1C-AL_4/0_7STRAL_4/0_7STRAL_4/0_7STRACSR_1/0_6/1,0.061264798,ABC
28279,28307,1PH-CU_#6_1STRNONENONEACSR_1/0_6/1,0.072237598,A
39596,39591,1PH-AL_#2_7STRNONENONEACSR_1/0_6/1,0.086563197,A
1145433,1160452,UG_1/0AL,0.16764,C
1160499,MDV201_8146ELB_INT,1PH-NONEBUSBARNONEBUSBAR,0.001,A
MDV201_8146ELB_INT,8146,BUSBAR,0.001524,A
1144263,1144264,1PH-AL_1/0_7STRNONENONEACSR_1/0_6/1,0.056692798,A
74452,74449,1PH-NONENONEAL_#2_7STRACSR_1/0_6/1,0.027736799,C
58412,58413,1PH-AL_#2_7STRNONENONEACSR_1/0_6/1,0.071627998,A
46387,46388,1PH-NONEAL_#2_7STRNONEACSR_1/0_6/1,0.043586399,B
1012412,1012413,1PH-NONENONECU_#6_1STRACSR_1/0_6/1,0.051815998,C
63667,63668,1PH-NONENONEAL_1/0_7STRACSR_1/0_6/1,0.049072798,C
8082,MDV201_1160495ELB_INT,1PH-NONEBUSBARNONEBUSBAR,0.001,A
MDV201_1160495ELB_INT,1160495,BUSBAR,0.001524,A
1144262,28227,1PH-NONENONEAL_1/0_7STRACSR_1/0_6/1,0.050901598,C
99617,8073,1PH-AL_#2_7STRNONENONEACSR_1/0_6/1,0.035356799,A
1160459,1160460,UG_1/0AL,0.088696797,A
39602,39603,1PH-NONEAL_1/0_7STRNONEACSR_1/0_6/1,0.051511198,B
28281,28283,1PH-AL_#2_7STRNONENONEACSR_1/0_6/1,0.055168798,A
58420,58417,3PH_HORIZ_LG_1C-AL_336_19STRAL_336_19STRAL_336_19STRACSR_1/0_6/1,0.086867997,ABC
853,108763,3PH_HORIZ_LG_1C-CU_#2_7STRCU_#2_7STRCU_#2_7STRACSR_1/0_6/1,0.071323198,ABC
8084,8081,3PH_HORIZ_LG_1C-CU_#2_7STRCU_#2_7STRCU_#2_7STRACSR_1/0_6/1,0.024688799,ABC
28234,28230,1PH-AL_1/0_7STRNONENONEACSR_1/0_6/1,0.059131198,A
28276,102186,1PH-NONENONEBUSBARBUSBAR,0.001524,C
1160486,1160481,UG_1/0AL,0.071932798,B
62247,62252,1PH-NONENONEAL_1/0_7STRACSR_1/0_6/1,0.060045598,C
8187,14842,1PH-CU_#6_1STRNONENONEACSR_1/0_6/1,0.060959998,A
14994,6572,1PH-NONECU_#6_1STRNONEACSR_1/0_6/1,0.092963997,B
14863,14881,1PH-AL_1/0_7STRNONENONEACSR_1/0_6/1,0.030784799,A
798,808,1PH-AL_#2_7STRNONENONEACSR_1/0_6/1,0.040538399,A
46386,46387,1PH-NONEAL_#2_7STRNONEACSR_1/0_6/1,0.071018398,B
14866,14882,1PH-NONENONEAL_1/0_7STRACSR_1/0_6/1,0.032613599,C
58422,58425,1PH-AL_#2_7STRNONENONEACSR_1/0_6/1,0.1088136,A
1144249,14830,1PH-NONENONECU_#6_1STRACSR_1/0_6/1,0.0140208,C
39605,39595,3PH_HORIZ_LG_1C-AL_1/0_7STRAL_1/0_7STRAL_1/0_7STRACSR_1/0_6/1,0.080467197,ABC
14837,14839,1PH-NONENONEAL_#2_7STRACSR_1/0_6/1,0.018287999,C
810,1144267,1PH-NONEBUSBARNONEBUSBAR,0.001524,B
1160472,1160475,UG_1/0AL,0.067360798,B
106261,39743,1PH-NONENONEAL_#2_7STRACSR_1/0_6/1,0.024383999,C
8106,1000985,1PH-AL_#2_7STRNONENONEACSR_1/0_6/1,0.064922398,A
14849,14850,1PH-NONENONEAL_1/0_7STRACSR_1/0_6/1,0.063398398,C
1160457,1160499,UG_1/0AL,0.068579998,A
1149722,1163437,UG_1/0AL,0.074980798,C
1144244,62295,1PH-NONEAL_1/0_7STRNONEACSR_1/0_6/1,0.057607198,B
789,786,1PH-NONEAL_#2_7STRNONEACSR_1/0_6/1,0.046024799,B
14878,14877,1PH-AL_1/0_7STRNONENONEACSR_1/0_6/1,0.055473598,A
1160471,MDV201_6568ELB_INT,1PH-NONEBUSBARNONEBUSBAR,0.001,B
MDV201_6568ELB_INT,6568,BUSBAR,0.001524,B
8190,8188,1PH-NONENONEAL_1/0_7STRACSR_1/0_6/1,0.031699199,C
56787,74421,1PH-AL_1/0_7STRNONENONEACSR_1/0_6/1,0.075590398,A
89789,89784,1PH-NONENONEAL_1/0_7STRACSR_1/0_6/1,0.045110399,C
1160483,MDV201_39756ELB_INT,1PH-NONEBUSBARNONEBUSBAR,0.001,B
MDV201_39756ELB_INT,39756,BUSBAR,0.001524,B
62258,62259,1PH-NONENONEAL_1/0_7STRACSR_1/0_6/1,0.056083198,C
62237,62246,1PH-NONENONEAL_1/0_7STRACSR_1/0_6/1,0.043281599,C
14829,89778,1PH-NONEAL_1/0_7STRNONEACSR_1/0_6/1,0.009144,B
14836,14832,3PH_HORIZ_LG_1C-AL_4/0_7STRAL_4/0_7STRAL_4/0_7STRACSR_1/0_6/1,0.1161288,ABC
89780,89785,1PH-NONENONEAL_#2_7STRACSR_1/0_6/1,0.084734397,C
6597,56750,1PH-AL_#2_7STRNONENONEACSR_1/0_6/1,0.054863998,A
46395,58430,3PH_HORIZ_LG_1C-AL_336_19STRAL_336_19STRAL_336_19STRACSR_1/0_6/1,0.108204,ABC
1160466,1160465,UG_1/0AL,0.088087197,A
39572,39570,1PH-AL_#2_7STRNONENONEACSR_1/0_6/1,0.0109728,A
1160458,MDV201_8144ELB_INT,1PH-NONEBUSBARNONEBUSBAR,0.001,A
MDV201_8144ELB_INT,8144,BUSBAR,0.001524,A
63666,28239,1PH-NONENONEAL_1/0_7STRACSR_1/0_6/1,0.074371198,C
6578,99417,1PH-BUSBARNONENONEBUSBAR,0.001524,A
804,811,1PH-NONEAL_#2_7STRNONEACSR_1/0_6/1,0.037795199,B
1008229,69485,1PH-NONECU_#6_1STRNONEACSR_1/0_6/1,0.068579998,B
1000986,8122,1PH-AL_#2_7STRNONENONEACSR_1/0_6/1,0.032308799,A
104356,44581,1PH-NONENONEAL_#2_7STRACSR_1/0_6/1,0.096926397,C
14834,102188,1PH-NONENONEBUSBARBUSBAR,0.001524,C
108776,74434,1PH-AL_1/0_7STRNONENONEACSR_1/0_6/1,0.1024128,A
39763,39764,3PH_HORIZ_LG_1C-AL_4/0_7STRAL_4/0_7STRAL_4/0_7STRACSR_1/0_6/1,0.022250399,ABC
14847,14848,1PH-NONENONEAL_1/0_7STRACSR_1/0_6/1,0.049377598,C
106883,62236,1PH-NONENONEAL_1/0_7STRACSR_1/0_6/1,0.057302398,C
21649,8139,1PH-AL_#2_7STRNONENONEACSR_1/0_6/1,0.053035198,A
39753,1103249,1PH-NONEAL_#2_7STRNONEACSR_1/0_6/1,0.033527999,B
44584,8163,3PH_VERT_1C-AL_4/0_7STRAL_4/0_7STRAL_4/0_7STRACSR_1/0_6/1,0.060045598,ABC
62310,62306,1PH-NONENONEAL_1/0_7STRACSR_1/0_6/1,0.075590398,C
8137,8138,1PH-AL_#2_7STRNONENONEACSR_1/0_6/1,0.036575999,A
8153,8154,1PH-NONENONEAL_#2_7STRACSR_1/0_6/1,0.044500799,C
62252,89812,1PH-NONENONEAL_1/0_7STRACSR_1/0_6/1,0.039014399,C
1144239,39763,3PH_HORIZ_LG_1C-AL_4/0_7STRAL_4/0_7STRAL_4/0_7STRACSR_1/0_6/1,0.060959998,ABC
63644,63640,1PH-NONEAL_#2_7STRNONEACSR_1/0_6/1,0.042367199,B
28298,14837,1PH-NONENONECU_#6_1STRACSR_1/0_6/1,0.099974397,C
1008227,1008228,1PH-NONEAL_#2_7STRNONEACSR_1/0_6/1,0.067360798,B
39741,39742,1PH-NONENONEACSR_1/0_6/1ACSR_1/0_6/1,0.070408798,C
58433,46398,1PH-NONENONECU_#6_1STRACSR_1/0_6/1,0.045719999,C
28270,102189,1PH-NONENONEBUSBARBUSBAR,0.001524,C
107993,69465,1PH-CU_#6_1STRNONENONEACSR_1/0_6/1,0.046939198,A
8120,8119,1PH-AL_#2_7STRNONENONEACSR_1/0_6/1,0.049377598,A
74437,74436,1PH-NONENONEAL_#2_7STRACSR_1/0_6/1,0.048463198,C
39590,39589,1PH-CU_#6_1STRNONENONEACSR_1/0_6/1,0.064617598,A
56785,56786,1PH-AL_1/0_7STRNONENONEACSR_1/0_6/1,0.038099999,A
1000987,1160497,UG_1/0AL,0.071932798,A
94729,69616,3PH_HORIZ_LG_1C-AL_1/0_7STRAL_1/0_7STRAL_1/0_7STRACSR_1/0_6/1,0.061264798,ABC
58415,1144235,1PH-BUSBARNONENONEBUSBAR,0.001524,A
69486,1144233,3PH_HORIZ_LG_1C-BUSBARBUSBARBUSBARBUSBAR,0.001524,ABC
69484,69486,3PH_VERT_1C-AL_1/0_7STRAL_1/0_7STRAL_1/0_7STRACSR_1/0_6/1,0.030479999,ABC
63642,800,3PH_HORIZ_LG_1C-AL_336_19STRAL_336_19STRAL_336_19STRACSR_1/0_6/1,0.072847198,ABC
62252,62311,1PH-NONENONEAL_1/0_7STRACSR_1/0_6/1,0.047853598,C
39598,39596,1PH-AL_#2_7STRNONENONEACSR_1/0_6/1,0.041147999,A
63718,63715,1PH-AL_#2_7STRNONENONEACSR_1/0_6/1,0.056083198,A
1160453,MDV201_1012644ELB_INT,1PH-NONEBUSBARNONEBUSBAR,0.001,C
MDV201_1012644ELB_INT,1012644,BUSBAR,0.001524,C
8121,8125,1PH-NONENONEAL_#2_7STRACSR_1/0_6/1,0.054559198,C
1163437,MDV201_1163438ELB_INT,1PH-NONEBUSBARNONEBUSBAR,0.001,C
MDV201_1163438ELB_INT,1163438,BUSBAR,0.001524,C
844,843,1PH-AL_#2_7STRNONENONEACSR_1/0_6/1,0.057911998,A
62308,62309,1PH-NONENONEAL_1/0_7STRACSR_1/0_6/1,0.059740798,C
52517,112112,1PH-NONEBUSBARNONEBUSBAR,0.001524,B
102189,28268,1PH-NONENONEAL_#2_7STRACSR_1/0_6/1,0.078943197,C
44581,63712,1PH-NONENONEAL_#2_7STRACSR_1/0_6/1,0.097231197,C
825,8096,1PH-NONEAL_#2_7STRNONEACSR_1/0_6/1,0.054863998,B
1160505,MDV201_8105ELB_INT,1PH-NONEBUSBARNONEBUSBAR,0.001,A
MDV201_8105ELB_INT,8105,BUSBAR,0.001524,A
8197,8198,1PH-NONEAL_#2_7STRNONEACSR_1/0_6/1,0.028346399,B
88656,58420,3PH_HORIZ_LG_1C-AL_336_19STRAL_336_19STRAL_336_19STRACSR_1/0_6/1,0.045415199,ABC
1144250,1160471,UG_1/0AL,0.1182624,B
6582,MDV201_99420USD_INT,3PH_HORIZ_LG_1C-BUSBARBUSBARBUSBARBUSBAR,0.001,ABC
MDV201_99420USD_INT,99420,3PH_HORIZ_LG_1C-BUSBARBUSBARBUSBARBUSBAR,0.001524,ABC
74433,74439,3PH_HORIZ_LG_1C-AL_4/0_7STRAL_4/0_7STRAL_4/0_7STRACSR_1/0_6/1,0.080771997,ABC
58426,1023340,1PH-NONEBUSBARNONEBUSBAR,0.001524,B
46402,58435,1PH-NONENONEAL_1/0_7STRACSR_1/0_6/1,0.046939198,C
8178,8181,3PH_HORIZ_LG_1C-AL_4/0_7STRAL_4/0_7STRAL_4/0_7STRACSR_1/0_6/1,0.061569598,ABC
39586,39585,1PH-NONEAL_1/0_7STRNONEACSR_1/0_6/1,0.064312798,B
8204,8207,1PH-NONEACSR_1/0_6/1NONEACSR_1/0_6/1,0.042671999,B
39744,39745,1PH-NONENONEAL_#2_7STRACSR_1/0_6/1,0.071018398,C
810,1010734,3PH_VERT_1C-CU_#2_7STRCU_#2_7STRCU_#2_7STRACSR_1/0_6/1,0.070103998,ABC
28270,28269,1PH-NONENONECU_#6_1STRACSR_1/0_6/1,0.075895198,C
46389,46385,1PH-NONEAL_#2_7STRNONEACSR_1/0_6/1,0.055168798,B
52528,52529,1PH-NONENONEAL_#2_7STRACSR_1/0_6/1,0.039928799,C
28265,28261,1PH-NONENONECU_#6_1STRACSR_1/0_6/1,0.066446398,C
1012406,1012405,1PH-NONENONECU_#6_1STRACSR_1/0_6/1,0.096621597,C
102181,28225,1PH-AL_#2_7STRNONENONEACSR_1/0_6/1,0.060350398,A
69464,69461,1PH-CU_#6_1STRNONENONEACSR_1/0_6/1,0.048463198,A
28269,28265,1PH-NONENONECU_#6_1STRACSR_1/0_6/1,0.058826398,C
809,813,1PH-NONEAL_#2_7STRNONEACSR_1/0_6/1,0.037490399,B
1149717,1149719,1PH-NONEAL_#2_7STRNONEACSR_1/0_6/1,0.0128016,B
1144260,849,1PH-NONEAL_1/0_7STRNONEACSR_1/0_6/1,0.071323198,B
69628,108028,1PH-NONENONEBUSBARBUSBAR,0.001524,C
58430,111079,1PH-NONEBUSBARNONEBUSBAR,0.001524,B
28292,28291,1PH-NONENONECU_#6_1STRACSR_1/0_6/1,0.053949598,C
28260,103746,1PH-NONENONEBUSBARBUSBAR,0.001524,C
28244,14857,3PH_VERT_1C-AL_4/0_7STRAL_4/0_7STRAL_4/0_7STRACSR_1/0_6/1,0.030784799,ABC
44583,44584,3PH_HORIZ_LG_1C-AL_4/0_7STRAL_4/0_7STRAL_4/0_7STRACSR_1/0_6/1,0.030175199,ABC
8181,1144256,1PH-BUSBARNONENONEBUSBAR,0.001524,A
8151,99618,1PH-BUSBARNONENONEBUSBAR,0.001524,A
63673,39628,1PH-NONENONEAL_1/0_7STRACSR_1/0_6/1,0.055778398,C
111079,88661,1PH-NONEAL_#2_7STRNONEACSR_1/0_6/1,0.030784799,B
74428,74433,3PH_HORIZ_LG_1C-AL_4/0_7STRAL_4/0_7STRAL_4/0_7STRACSR_1/0_6/1,0.081381597,ABC
88675,58411,3PH_HORIZ_LG_1C-AL_336_19STRAL_336_19STRAL_336_19STRACSR_1/0_6/1,0.048767998,ABC
1160478,1160469,UG_1/0AL,0.055778398,B
69490,1144232,3PH_HORIZ_LG_1C-CU_#2_7STRCU_#2_7STRCU_#2_7STRACSR_1/0_6/1,0.053644798,ABC
56762,56766,3PH_HORIZ_LG_1C-AL_4/0_7STRAL_4/0_7STRAL_4/0_7STRACSR_1/0_6/1,0.071018398,ABC
100479,14876,1PH-NONENONEAL_1/0_7STRACSR_1/0_6/1,0.061569598,C
1149715,1144245,1PH-NONEAL_#2_7STRNONEACSR_1/0_6/1,0.030479999,B
8097,8106,1PH-AL_#2_7STRNONENONEACSR_1/0_6/1,0.059435998,A
52532,52530,1PH-NONENONEAL_1/0_7STRACSR_1/0_6/1,0.053644798,C
6579,15010,1PH-AL_#2_7STRNONENONEACSR_1/0_6/1,0.074066398,A
58429,58431,3PH_HORIZ_LG_1C-AL_336_19STRAL_336_19STRAL_336_19STRACSR_1/0_6/1,0.068884798,ABC
1032415,58441,3PH_HORIZ_LG_1C-AL_1/0_7STRAL_1/0_7STRAL_1/0_7STRACSR_1/0_6/1,0.060655198,ABC
69478,107993,1PH-BUSBARNONENONEBUSBAR,0.001524,A
28249,28251,2PH_VERT_1C-AL_1/0_7STRNONEAL_1/0_7STRACSR_1/0_6/1,0.045415199,AC
839,1144261,1PH-NONENONEBUSBARBUSBAR,0.001524,C
812,807,1PH-NONEAL_#2_7STRNONEACSR_1/0_6/1,0.045110399,B
1144258,8086,2PH_VERT_1C-AL_#2_7STRNONEAL_#2_7STRACSR_1/0_6/1,0.038099999,AC
1144251,6577,1PH-NONEAL_#2_7STRNONEACSR_1/0_6/1,0.069799198,B
28232,63677,1PH-BUSBARNONENONEBUSBAR,0.001524,A
52523,14847,1PH-NONENONEAL_1/0_7STRACSR_1/0_6/1,0.064922398,C
63656,MDV201_107107USD_INT,3PH_HORIZ_LG_1C-BUSBARBUSBARBUSBARBUSBAR,0.001,ABC
MDV201_107107USD_INT,107107,3PH_HORIZ_LG_1C-BUSBARBUSBARBUSBARBUSBAR,0.001524,ABC
8169,1144229,1PH-NONEAL_1/0_7STRNONEACSR_1/0_6/1,0.085343997,B
28220,52526,3PH_VERT_1C-AL_336_19STRAL_336_19STRAL_336_19STRACSR_1/0_6/1,0.066446398,ABC
1160463,MDV201_8089ELB_INT,1PH-NONEBUSBARNONEBUSBAR,0.001,A
MDV201_8089ELB_INT,8089,BUSBAR,0.001524,A
8079,1010738,1PH-BUSBARNONENONEBUSBAR,0.001524,A
784,785,1PH-AL_#2_7STRNONENONEACSR_1/0_6/1,0.046939198,A
8165,8167,3PH_HORIZ_LG_1C-AL_4/0_7STRAL_4/0_7STRAL_4/0_7STRACSR_1/0_6/1,0.063093598,ABC
15002,15009,1PH-NONEAL_#2_7STRNONEACSR_1/0_6/1,0.090220797,B
69628,1032415,3PH_HORIZ_LG_1C-AL_1/0_7STRAL_1/0_7STRAL_1/0_7STRACSR_1/0_6/1,0.077114398,ABC
63681,63684,3PH_VERT_1C-AL_336_19STRAL_336_19STRAL_336_19STRACSR_1/0_6/1,0.070713598,ABC
74453,74446,1PH-NONENONEAL_#2_7STRACSR_1/0_6/1,0.028346399,C
823,1010733,1PH-NONENONEBUSBARBUSBAR,0.001524,C
63678,63679,1PH-AL_#2_7STRNONENONEACSR_1/0_6/1,0.042976799,A
63657,63656,3PH_VERT_1C-AL_4/0_7STRAL_4/0_7STRAL_4/0_7STRACSR_1/0_6/1,0.047243998,ABC
14837,14838,1PH-NONENONECU_#6_1STRACSR_1/0_6/1,0.068275198,C
28193,28189,3PH_HORIZ_LG_1C-CU_#2_7STRCU_#2_7STRCU_#2_7STRACSR_1/0_6/1,0.088391997,ABC
63633,63641,1PH-NONEAL_#2_7STRNONEACSR_1/0_6/1,0.035356799,B
63632,793,1PH-NONEAL_#2_7STRNONEACSR_1/0_6/1,0.057302398,B
8144,MDV201_1160459ELB_INT,1PH-NONEBUSBARNONEBUSBAR,0.001,A
MDV201_1160459ELB_INT,1160459,BUSBAR,0.001524,A
8140,1144257,1PH-NONENONEBUSBARBUSBAR,0.001524,C
14978,1008222,1PH-NONENONEAL_#2_7STRACSR_1/0_6/1,0.068579998,C
56788,8205,1PH-NONEACSR_1/0_6/1NONEACSR_1/0_6/1,0.053339998,B
1144230,1144231,1PH-CU_#6_1STRNONENONEACSR_1/0_6/1,0.031089599,A
63638,63639,3PH_HORIZ_LG_1C-AL_556_19STRAL_556_19STRAL_556_19STRACSR_1/0_6/1,0.042367199,ABC
39582,103728,1PH-BUSBARNONENONEBUSBAR,0.001524,A
15008,MDV201_1160474ELB_INT,1PH-NONEBUSBARNONEBUSBAR,0.001,B
MDV201_1160474ELB_INT,1160474,BUSBAR,0.001524,B
106885,1160488,UG_1/0AL,0.089306397,B
56782,56784,1PH-AL_1/0_7STRNONENONEACSR_1/0_6/1,0.042671999,A
821,98800,1PH-BUSBARNONENONEBUSBAR,0.001524,A
1023344,1023345,1PH-CU_#6_1STRNONENONEACSR_1/0_6/1,0.078638397,A
1144256,1144255,1PH-AL_#2_7STRNONENONEACSR_1/0_6/1,0.097840797,A
14867,14868,1PH-NONENONEAL_1/0_7STRACSR_1/0_6/1,0.031089599,C
39571,39572,1PH-CU_#6_1STRNONENONEACSR_1/0_6/1,0.098145597,A
8187,8183,1PH-CU_#6_1STRNONENONEACSR_1/0_6/1,0.056997598,A
58438,58439,1PH-NONENONECU_#6_1STRACSR_1/0_6/1,0.079857597,C
1144240,1144241,1PH-CU_#6_1STRNONENONEACSR_1/0_6/1,0.021640799,A
28226,28224,3PH_HORIZ_LG_1C-AL_336_19STRAL_336_19STRAL_336_19STRACSR_1/0_6/1,0.049377598,ABC
6570,6571,1PH-NONEAL_#2_7STRNONEACSR_1/0_6/1,0.043891199,B
56750,56755,1PH-AL_#2_7STRNONENONEACSR_1/0_6/1,0.055473598,A
28268,28264,1PH-NONENONEAL_#2_7STRACSR_1/0_6/1,0.044195999,C
28260,39766,1PH-NONENONECU_#6_1STRACSR_1/0_6/1,0.067665598,C
62261,1010730,3PH_HORIZ_LG_1C-AL_1/0_7STRAL_1/0_7STRAL_1/0_7STRACSR_1/0_6/1,0.071018398,ABC
8136,8137,1PH-AL_#2_7STRNONENONEACSR_1/0_6/1,0.036575999,A
39578,39579,1PH-NONEAL_1/0_7STRNONEACSR_1/0_6/1,0.062788798,B
39613,39614,1PH-CU_#6_1STRNONENONEACSR_1/0_6/1,0.049377598,A
1010727,784,1PH-AL_1/0_7STRNONENONEACSR_1/0_6/1,0.093268797,A
56766,56777,3PH_VERT_1C-AL_4/0_7STRAL_4/0_7STRAL_4/0_7STRACSR_1/0_6/1,0.078638397,ABC
14840,1173573,1PH-NONENONECU_#6_1STRACSR_1/0_6/1,0.060045598,C
858,859,1PH-NONENONEAL_#2_7STRACSR_1/0_6/1,0.035966399,C
8122,8120,1PH-AL_#2_7STRNONENONEACSR_1/0_6/1,0.056083198,A
69461,69458,1PH-CU_#6_1STRNONENONEACSR_1/0_6/1,0.062179198,A
28288,28292,2PH_HORIZ_LG_1C-NONECU_#6_1STRCU_#6_1STRACSR_1/0_6/1,0.071932798,BC
1160487,MDV201_62302ELB_INT,1PH-NONEBUSBARNONEBUSBAR,0.001,B
MDV201_62302ELB_INT,62302,BUSBAR,0.001524,B
8167,44585,3PH_HORIZ_LG_1C-AL_4/0_7STRAL_4/0_7STRAL_4/0_7STRACSR_1/0_6/1,0.033223199,ABC
46394,1144237,1PH-NONEBUSBARNONEBUSBAR,0.001524,B
69623,69628,3PH_HORIZ_LG_1C-AL_1/0_7STRAL_1/0_7STRAL_1/0_7STRACSR_1/0_6/1,0.060959998,ABC
859,860,1PH-NONENONEAL_#2_7STRACSR_1/0_6/1,0.066141598,C
6575,6576,1PH-NONECU_#6_1STRNONEACSR_1/0_6/1,0.037490399,B
854,853,3PH_HORIZ_LG_1C-CU_#2_7STRCU_#2_7STRCU_#2_7STRACSR_1/0_6/1,0.054559198,ABC
63635,107106,1PH-NONEBUSBARNONEBUSBAR,0.001524,B
1011953,1011952,3PH_HORIZ_LG_1C-ACSR_1/0_6/1ACSR_1/0_6/1ACSR_1/0_6/1ACSR_1/0_6/1,0.060959998,ABC
63643,63645,3PH_HORIZ_LG_1C-AL_556_19STRAL_556_19STRAL_556_19STRACSR_1/0_6/1,0.061264798,ABC
14992,14991,1PH-NONEAL_#2_7STRNONEACSR_1/0_6/1,0.057607198,B
15011,6578,3PH_HORIZ_LG_1C-AL_4/0_7STRAL_4/0_7STRAL_4/0_7STRACSR_1/0_6/1,0.1075944,ABC
8160,104356,1PH-NONENONEBUSBARBUSBAR,0.001524,C
62234,62243,1PH-NONENONEAL_1/0_7STRACSR_1/0_6/1,0.050901598,C
14830,14831,1PH-NONENONECU_#6_1STRACSR_1/0_6/1,0.046024799,C
52521,52522,1PH-NONEAL_#2_7STRNONEACSR_1/0_6/1,0.081381597,B
69622,69624,1PH-NONEAL_1/0_7STRNONEACSR_1/0_6/1,0.027736799,B
8102,MDV201_1160455ELB_INT,1PH-NONEBUSBARNONEBUSBAR,0.001,A
MDV201_1160455ELB_INT,1160455,BUSBAR,0.001524,A
838,832,1PH-AL_#2_7STRNONENONEACSR_1/0_6/1,0.052425598,A
21655,21654,1PH-AL_#2_7STRNONENONEACSR_1/0_6/1,0.048767998,A
14834,28297,1PH-NONENONECU_#6_1STRACSR_1/0_6/1,0.033832799,C
89823,89825,1PH-AL_#2_7STRNONENONEACSR_1/0_6/1,0.054863998,A
1144238,46394,3PH_VERT_1C-AL_4/0_7STRAL_4/0_7STRAL_4/0_7STRACSR_1/0_6/1,0.085648797,ABC
1023340,1023341,1PH-NONEAL_#2_7STRNONEACSR_1/0_6/1,0.071627998,B
1012413,1012414,1PH-NONENONEAL_1/0_7STRACSR_1/0_6/1,0.083210397,C
63668,63669,1PH-NONENONEAL_1/0_7STRACSR_1/0_6/1,0.044500799,C
58417,58415,3PH_HORIZ_LG_1C-AL_336_19STRAL_336_19STRAL_336_19STRACSR_1/0_6/1,0.064007998,ABC
1012643,1160453,UG_1/0AL,0.099364797,C
63684,63682,3PH_VERT_1C-AL_336_19STRAL_336_19STRAL_336_19STRACSR_1/0_6/1,0.043586399,ABC
807,797,1PH-NONEAL_#2_7STRNONEACSR_1/0_6/1,0.039319199,B
1160474,1160479,UG_1/0AL,0.072847198,B
8094,8095,1PH-NONENONEAL_#2_7STRACSR_1/0_6/1,0.043281599,C
74455,74456,1PH-NONENONECU_#6_1STRACSR_1/0_6/1,0.040233599,C
14837,100477,1PH-NONENONEBUSBARBUSBAR,0.001524,C
821,822,3PH_VERT_1C-CU_#2_7STRCU_#2_7STRCU_#2_7STRACSR_1/0_6/1,0.035356799,ABC
39614,39597,1PH-CU_#6_1STRNONENONEACSR_1/0_6/1,0.099059997,A
44577,8179,1PH-NONENONEAL_1/0_7STRACSR_1/0_6/1,0.056692798,C
28224,102181,1PH-BUSBARNONENONEBUSBAR,0.001524,A
39763,93587,3PH_HORIZ_LG_1C-AL_4/0_7STRAL_4/0_7STRAL_4/0_7STRACSR_1/0_6/1,0.030175199,ABC
89826,89796,1PH-NONENONEAL_1/0_7STRACSR_1/0_6/1,0.102108,C
63639,63643,3PH_HORIZ_LG_1C-AL_556_19STRAL_556_19STRAL_556_19STRACSR_1/0_6/1,0.060655198,ABC
849,840,1PH-NONEAL_1/0_7STRNONEACSR_1/0_6/1,0.036880799,B
52520,52519,1PH-NONEAL_1/0_7STRNONEACSR_1/0_6/1,0.056083198,B
69481,69478,3PH_VERT_1C-AL_556_19STRAL_556_19STRAL_556_19STRACSR_1/0_6/1,0.082905597,ABC
802,803,1PH-NONEAL_#2_7STRNONEACSR_1/0_6/1,0.051815998,B
39580,39581,1PH-AL_#2_7STRNONENONEACSR_1/0_6/1,0.053949598,A
855,856,1PH-NONENONEAL_#2_7STRACSR_1/0_6/1,0.049377598,C
104355,8161,1PH-NONECU_#6_1STRNONEACSR_1/0_6/1,0.091439997,B
46405,58436,1PH-NONENONECU_#6_1STRACSR_1/0_6/1,0.044500799,C
14871,100480,1PH-NONENONEBUSBARBUSBAR,0.001524,C
99419,6583,1PH-AL_#2_7STRNONENONEACSR_1/0_6/1,0.072542398,A
100478,14846,1PH-NONENONEAL_#2_7STRACSR_1/0_6/1,0.086258397,C
74434,74438,1PH-AL_#2_7STRNONENONEACSR_1/0_6/1,0.087782397,A
822,829,3PH_VERT_1C-CU_#2_7STRCU_#2_7STRCU_#2_7STRACSR_1/0_6/1,0.060959998,ABC
813,816,1PH-NONEAL_#2_7STRNONEACSR_1/0_6/1,0.042671999,B
8086,8090,2PH_VERT_1C-AL_#2_7STRNONEAL_#2_7STRACSR_1/0_6/1,0.061264798,AC
63661,63644,1PH-NONEAL_#2_7STRNONEACSR_1/0_6/1,0.058216798,B
63665,63680,3PH_HORIZ_LG_1C-AL_336_19STRAL_336_19STRAL_336_19STRACSR_1/0_6/1,0.057911998,ABC
62242,106885,1PH-NONEBUSBARNONEBUSBAR,0.001524,B
8193,8187,1PH-CU_#6_1STRNONENONEACSR_1/0_6/1,0.067360798,A
56770,56782,1PH-AL_1/0_7STRNONENONEACSR_1/0_6/1,0.068884798,A
52530,52528,1PH-NONENONEAL_#2_7STRACSR_1/0_6/1,0.037795199,C
8188,8189,1PH-NONENONEAL_1/0_7STRACSR_1/0_6/1,0.032308799,C
14832,14828,3PH_VERT_1C-AL_4/0_7STRAL_4/0_7STRAL_4/0_7STRACSR_1/0_6/1,0.040843199,ABC
39733,39734,1PH-AL_1/0_7STRNONENONEACSR_1/0_6/1,0.069799198,A
8153,8155,1PH-NONENONEAL_#2_7STRACSR_1/0_6/1,0.058826398,C
28307,89824,1PH-AL_#2_7STRNONENONEACSR_1/0_6/1,0.043891199,A
94741,94733,1PH-NONEAL_#2_7STRNONEACSR_1/0_6/1,0.059740798,B
46399,46401,1PH-NONENONECU_#6_1STRACSR_1/0_6/1,0.041452799,C
1010735,821,3PH_VERT_1C-CU_#2_7STRCU_#2_7STRCU_#2_7STRACSR_1/0_6/1,0.058826398,ABC
783,861,3PH_VERT_1C-AL_556_19STRAL_556_19STRAL_556_19STRACSR_1/0_6/1,0.058521598,ABC
39589,39577,1PH-CU_#6_1STRNONENONEACSR_1/0_6/1,0.082905597,A
28271,28273,1PH-NONENONEAL_#2_7STRACSR_1/0_6/1,0.049682398,C
798,1010729,1PH-BUSBARNONENONEBUSBAR,0.001524,A
6577,8195,1PH-NONEAL_#2_7STRNONEACSR_1/0_6/1,0.069189598,B
38388,44586,3PH_HORIZ_LG_1C-AL_4/0_7STRAL_4/0_7STRAL_4/0_7STRACSR_1/0_6/1,0.060350398,ABC
63680,63683,2PH_VERT_1C-AL_1/0_7STRNONEAL_1/0_7STRACSR_1/0_6/1,0.0146304,AC
67896,1023344,1PH-BUSBARNONENONEBUSBAR,0.001524,A
106895,62307,1PH-NONEAL_1/0_7STRNONEACSR_1/0_6/1,0.074066398,B
74439,MDV201_1144238USD_INT,3PH_HORIZ_LG_1C-BUSBARBUSBARBUSBARBUSBAR,0.001,ABC
MDV201_1144238USD_INT,1144238,3PH_HORIZ_LG_1C-BUSBARBUSBARBUSBARBUSBAR,0.001524,ABC
8094,8093,1PH-NONENONEAL_#2_7STRACSR_1/0_6/1,0.017068799,C
46394,46395,3PH_HORIZ_LG_1C-AL_336_19STRAL_336_19STRAL_336_19STRACSR_1/0_6/1,0.096011997,ABC
851,852,1PH-AL_#2_7STRNONENONEACSR_1/0_6/1,0.048463198,A
819,820,1PH-AL_#2_7STRNONENONEACSR_1/0_6/1,0.054559198,A
58441,69647,1PH-NONEAL_1/0_7STRNONEACSR_1/0_6/1,0.103632,B
14848,14862,1PH-NONENONEAL_1/0_7STRACSR_1/0_6/1,0.027127199,C
39760,39761,1PH-NONEAL_#2_7STRNONEACSR_1/0_6/1,0.046329599,B
94731,94732,1PH-NONENONEAL_#2_7STRACSR_1/0_6/1,0.059435998,C
63641,63637,1PH-NONEAL_#2_7STRNONEACSR_1/0_6/1,0.045415199,B
8161,8162,1PH-NONECU_#6_1STRNONEACSR_1/0_6/1,0.092049597,B
841,839,1PH-NONENONEAL_1/0_7STRACSR_1/0_6/1,0.01524,C
74448,74451,1PH-NONEAL_#2_7STRNONEACSR_1/0_6/1,0.049377598,B
39758,14989,1PH-NONECU_#6_1STRNONEACSR_1/0_6/1,0.1240536,B
14891,14892,3PH_HORIZ_LG_1C-AL_4/0_7STRAL_4/0_7STRAL_4/0_7STRACSR_1/0_6/1,0.091744797,ABC
39759,MDV201_1160470ELB_INT,1PH-NONEBUSBARNONEBUSBAR,0.001,B
MDV201_1160470ELB_INT,1160470,BUSBAR,0.001524,B
8129,846,3PH_HORIZ_LG_1C-CU_#2_7STRCU_#2_7STRCU_#2_7STRACSR_1/0_6/1,0.051206398,ABC
39624,39622,1PH-NONEAL_1/0_7STRNONEACSR_1/0_6/1,0.047548798,B
8126,8129,3PH_HORIZ_LG_1C-CU_#2_7STRCU_#2_7STRCU_#2_7STRACSR_1/0_6/1,0.068884798,ABC
106257,58421,1PH-NONEAL_#2_7STRNONEACSR_1/0_6/1,0.088696797,B
46399,104582,1PH-NONENONEBUSBARBUSBAR,0.001524,C
52517,94729,3PH_HORIZ_LG_1C-AL_1/0_7STRAL_1/0_7STRAL_1/0_7STRACSR_1/0_6/1,0.058826398,ABC
88677,67896,3PH_VERT_1C-AL_336_19STRAL_336_19STRAL_336_19STRACSR_1/0_6/1,0.1030224,ABC
39751,74443,1PH-AL_1/0_7STRNONENONEACSR_1/0_6/1,0.056692798,A
100475,14835,1PH-NONENONECU_#6_1STRACSR_1/0_6/1,0.070713598,C
1010734,MDV201_1010735USD_INT,3PH_HORIZ_LG_1C-BUSBARBUSBARBUSBARBUSBAR,0.001,ABC
MDV201_1010735USD_INT,1010735,3PH_HORIZ_LG_1C-BUSBARBUSBARBUSBARBUSBAR,0.001524,ABC
28299,28293,1PH-NONENONECU_#6_1STRACSR_1/0_6/1,0.040538399,C
832,828,1PH-AL_#2_7STRNONENONEACSR_1/0_6/1,0.044195999,A
33824,14979,1PH-NONENONECU_#6_1STRACSR_1/0_6/1,0.056997598,C
8146,MDV201_1160500ELB_INT,1PH-NONEBUSBARNONEBUSBAR,0.001,A
MDV201_1160500ELB_INT,1160500,BUSBAR,0.001524,A
8181,8184,3PH_VERT_1C-AL_4/0_7STRAL_4/0_7STRAL_4/0_7STRACSR_1/0_6/1,0.084734397,ABC
63715,63713,1PH-AL_#2_7STRNONENONEACSR_1/0_6/1,0.055168798,A
15006,15001,1PH-NONEAL_#2_7STRNONEACSR_1/0_6/1,0.064007998,B
58437,58438,1PH-NONENONECU_#6_1STRACSR_1/0_6/1,0.072237598,C
14990,15002,1PH-NONECU_#6_1STRNONEACSR_1/0_6/1,0.118872,B
28227,28222,1PH-NONENONEAL_1/0_7STRACSR_1/0_6/1,0.051815998,C
106254,58412,1PH-AL_#2_7STRNONENONEACSR_1/0_6/1,0.070103998,A
108774,74414,1PH-NONEAL_1/0_7STRNONEACSR_1/0_6/1,0.066751198,B
15001,14995,1PH-NONEAL_#2_7STRNONEACSR_1/0_6/1,0.031089599,B
56786,56787,1PH-AL_1/0_7STRNONENONEACSR_1/0_6/1,0.076504798,A
28189,28190,2PH_HORIZ_LG_1C-AL_1/0_7STRAL_1/0_7STRNONEACSR_1/0_6/1,0.022250399,AB
28230,28231,1PH-AL_1/0_7STRNONENONEACSR_1/0_6/1,0.063093598,A
1144236,74444,1PH-NONECU_#6_1STRNONEACSR_1/0_6/1,0.059740798,B
1023342,1017351,1PH-NONENONEAL_#2_7STRACSR_1/0_6/1,0.074980798,C
8107,MDV201_1160457ELB_INT,1PH-NONEBUSBARNONEBUSBAR,0.001,A
MDV201_1160457ELB_INT,1160457,BUSBAR,0.001524,A
39597,39598,1PH-CU_#6_1STRNONENONEACSR_1/0_6/1,0.1271016,A
1160456,MDV201_8107ELB_INT,1PH-NONEBUSBARNONEBUSBAR,0.001,A
MDV201_8107ELB_INT,8107,BUSBAR,0.001524,A
SOURCEBUS,_MDV_SUB_1_LSB,1001,1,ABC
